order_id,order_date,customer_id,city,restaurant,food_category,items,subtotal,delivery_fee,discount,total_amount,delivery_time_min,rating,payment_method,order_status
FD000001,2025-02-02,C0051,Hyderabad,Pizza District,Biryani,1,351.7,45,35.17,0.0,51,4.1,Credit Card,Cancelled
FD000002,2025-10-10,C0444,Mumbai,Wok & Roll,Biryani,4,1529.63,45,0.0,0.0,55,4.2,Debit Card,Cancelled
FD000003,2025-08-27,C0138,Chennai,The Biryani House,Biryani,1,310.03,25,0.0,335.03,38,4.7,Wallet,Delivered
FD000004,2025-06-10,C0438,Pune,Spice Route,South Indian,1,235.38,25,35.31,225.07,19,4.4,UPI,Delivered
FD000005,2025-06-08,C0510,Chennai,Burger Lab,Biryani,2,711.65,35,71.17,675.48,55,4.2,UPI,Delivered
FD000006,2025-11-10,C0648,Bengaluru,Urban Tadka,North Indian,2,866.41,25,0.0,0.0,22,4.6,Cash,Cancelled
FD000007,2025-02-01,C0448,Bengaluru,Dosa Corner,Desserts,2,478.53,35,47.85,465.68,38,5.0,Cash,Delivered
FD000008,2025-09-12,C0143,Bengaluru,Spice Route,North Indian,2,900.33,65,45.02,920.31,31,4.5,Cash,Delivered
FD000009,2025-03-15,C0731,Ahmedabad,Sweet Truth,Chinese,2,793.38,25,119.01,0.0,29,4.9,Credit Card,Cancelled
FD000010,2025-02-04,C0325,Hyderabad,The Biryani House,Healthy,4,1335.98,35,133.6,1237.38,43,4.2,Wallet,Delivered
FD000011,2025-07-12,C0384,Ahmedabad,Sweet Truth,Biryani,3,1095.67,45,0.0,0.0,37,5.0,UPI,Cancelled
FD000012,2025-12-23,C0514,Bengaluru,Spice Route,Burgers,4,1241.87,45,0.0,0.0,40,4.1,UPI,Cancelled
FD000013,2025-09-26,C0212,Hyderabad,Pizza District,Pizza,4,1603.22,25,0.0,1628.22,24,5.0,UPI,Delivered
FD000014,2025-10-05,C0791,Bengaluru,Pizza District,Healthy,3,1044.12,25,104.41,964.71,32,4.7,Credit Card,Delivered
FD000015,2025-09-19,C0036,Hyderabad,Urban Tadka,Chinese,4,1641.18,65,82.06,1624.12,25,4.8,Cash,Delivered
FD000016,2025-10-14,C0124,Pune,Pizza District,Desserts,1,204.46,25,20.45,209.01,32,4.6,Credit Card,Delivered
FD000017,2025-07-07,C0793,Mumbai,Urban Tadka,Biryani,4,1603.05,45,80.15,1567.9,33,4.2,Credit Card,Delivered
FD000018,2025-02-16,C0362,Bengaluru,Pizza District,Healthy,2,689.75,55,0.0,744.75,56,3.0,UPI,Delivered
FD000019,2025-11-03,C0715,Delhi,The Biryani House,Chinese,3,1078.63,35,0.0,1113.63,31,4.9,Debit Card,Delivered
FD000020,2025-06-14,C0725,Delhi,Urban Tadka,Chinese,1,310.33,45,0.0,355.33,12,4.8,UPI,Delivered
FD000021,2025-07-02,C0793,Ahmedabad,Dosa Corner,Healthy,1,269.75,25,13.49,281.26,51,4.4,Credit Card,Delivered
FD000022,2025-05-16,C0581,Ahmedabad,Wok & Roll,Burgers,4,1152.53,35,115.25,1072.28,39,4.4,UPI,Delivered
FD000023,2025-03-08,C0547,Delhi,Dosa Corner,Burgers,2,601.75,35,90.26,0.0,32,4.9,Credit Card,Cancelled
FD000024,2025-12-05,C0492,Pune,Dosa Corner,Chinese,1,331.45,65,0.0,396.45,29,4.9,Credit Card,Delivered
FD000025,2025-10-13,C0547,Pune,The Biryani House,Biryani,3,930.54,25,93.05,862.49,23,3.9,Credit Card,Delivered
FD000026,2025-08-24,C0206,Mumbai,The Biryani House,Pizza,1,431.9,25,0.0,0.0,57,4.1,Credit Card,Cancelled
FD000027,2025-05-27,C0653,Delhi,Sweet Truth,Pizza,2,1064.11,65,106.41,1022.7,35,4.3,Wallet,Delivered
FD000028,2025-10-28,C0150,Hyderabad,The Biryani House,Biryani,3,1162.74,25,0.0,1187.74,13,5.0,Cash,Delivered
FD000029,2025-07-19,C0384,Pune,Spice Route,North Indian,3,1140.4,55,114.04,1081.36,38,4.6,UPI,Delivered
FD000030,2025-06-11,C0300,Ahmedabad,Wok & Roll,Chinese,2,664.47,45,0.0,709.47,48,4.3,UPI,Delivered
FD000031,2025-06-14,C0610,Hyderabad,Sweet Truth,Burgers,2,520.62,45,0.0,565.62,36,4.3,UPI,Delivered
FD000032,2025-03-24,C0205,Pune,Urban Tadka,Burgers,4,1030.25,55,103.03,982.22,23,4.4,UPI,Delivered
FD000033,2025-02-03,C0166,Ahmedabad,Burger Lab,Burgers,1,292.69,45,14.63,323.06,22,4.6,UPI,Delivered
FD000034,2025-07-22,C0647,Bengaluru,The Biryani House,South Indian,1,199.14,25,9.96,214.18,23,4.1,Cash,Delivered
FD000035,2025-11-21,C0390,Mumbai,Pizza District,Healthy,1,303.37,65,0.0,368.37,52,3.8,Wallet,Delivered
FD000036,2025-01-24,C0577,Ahmedabad,Pizza District,Healthy,4,1521.15,65,304.23,1281.92,33,4.0,UPI,Delivered
FD000037,2025-11-10,C0704,Ahmedabad,Urban Tadka,Burgers,2,612.23,55,0.0,0.0,14,4.4,Debit Card,Cancelled
FD000038,2025-10-30,C0669,Hyderabad,Pizza District,Pizza,1,539.72,45,26.99,557.73,39,4.4,Cash,Delivered
FD000039,2025-04-12,C0320,Bengaluru,The Biryani House,Burgers,1,262.43,45,39.36,268.07,36,4.6,UPI,Delivered
FD000040,2025-08-19,C0137,Delhi,Dosa Corner,Chinese,1,345.97,45,34.6,356.37,29,4.6,Cash,Delivered
FD000041,2025-03-02,C0769,Bengaluru,Urban Tadka,Burgers,4,1427.3,25,0.0,0.0,22,4.6,Wallet,Cancelled
FD000042,2025-10-04,C0248,Bengaluru,Dosa Corner,South Indian,2,459.81,35,45.98,448.83,21,4.4,Wallet,Delivered
FD000043,2025-09-13,C0616,Hyderabad,Spice Route,Chinese,1,400.55,45,0.0,445.55,47,4.0,Debit Card,Delivered
FD000044,2025-05-10,C0615,Hyderabad,Pizza District,Pizza,1,567.66,45,28.38,584.28,37,4.1,UPI,Delivered
FD000045,2025-01-25,C0355,Mumbai,The Biryani House,Pizza,3,1470.73,35,73.54,0.0,40,4.3,UPI,Cancelled
FD000046,2025-12-21,C0131,Delhi,Pizza District,Burgers,3,848.3,35,84.83,798.47,37,3.8,Wallet,Delivered
FD000047,2025-06-12,C0378,Delhi,Dosa Corner,Biryani,4,1423.0,45,213.45,1254.55,38,4.6,UPI,Delivered
FD000048,2025-11-22,C0117,Pune,Sweet Truth,Biryani,1,292.27,35,0.0,0.0,28,4.4,Credit Card,Cancelled
FD000049,2025-09-05,C0282,Chennai,Burger Lab,South Indian,1,205.23,65,0.0,0.0,32,4.6,UPI,Cancelled
FD000050,2025-10-12,C0307,Bengaluru,Wok & Roll,Burgers,1,248.33,45,12.42,280.91,48,4.4,Credit Card,Delivered
FD000051,2025-10-05,C0415,Hyderabad,Wok & Roll,Pizza,2,1101.85,25,55.09,0.0,51,4.1,UPI,Cancelled
FD000052,2025-03-13,C0150,Bengaluru,Sweet Truth,Chinese,3,1211.49,25,60.57,1175.92,19,5.0,Cash,Delivered
FD000053,2025-05-13,C0677,Bengaluru,Sweet Truth,Desserts,3,563.91,45,56.39,552.52,32,3.8,Credit Card,Delivered
FD000054,2025-06-20,C0064,Hyderabad,Dosa Corner,Pizza,1,430.25,35,21.51,443.74,44,4.0,UPI,Delivered
FD000055,2025-07-01,C0789,Hyderabad,Urban Tadka,North Indian,3,1275.91,55,191.39,1139.52,57,4.3,UPI,Delivered
FD000056,2025-01-16,C0251,Hyderabad,The Biryani House,Healthy,3,1125.43,25,56.27,1094.16,55,4.1,Credit Card,Delivered
FD000057,2025-07-19,C0392,Delhi,The Biryani House,Chinese,1,350.43,25,0.0,375.43,24,5.0,Debit Card,Delivered
FD000058,2025-02-26,C0701,Delhi,Urban Tadka,South Indian,3,672.79,35,0.0,707.79,49,4.7,Cash,Delivered
FD000059,2025-09-29,C0524,Ahmedabad,Sweet Truth,Biryani,2,797.23,45,79.72,0.0,35,4.5,Cash,Cancelled
FD000060,2025-09-07,C0046,Pune,Urban Tadka,Healthy,1,371.94,65,0.0,0.0,47,4.0,Credit Card,Cancelled
FD000061,2025-12-03,C0484,Mumbai,Dosa Corner,Burgers,2,706.14,55,0.0,761.14,43,3.9,Cash,Delivered
FD000062,2025-09-29,C0453,Hyderabad,Dosa Corner,Healthy,4,1193.65,35,0.0,1228.65,19,4.7,Credit Card,Delivered
FD000063,2025-05-14,C0747,Mumbai,Wok & Roll,Chinese,3,974.29,55,97.43,931.86,41,4.1,Debit Card,Delivered
FD000064,2025-12-20,C0451,Hyderabad,The Biryani House,Biryani,2,687.04,25,103.06,608.98,46,3.9,Debit Card,Delivered
FD000065,2025-05-30,C0794,Chennai,The Biryani House,Biryani,4,1297.35,45,64.87,1277.48,34,4.1,UPI,Delivered
FD000066,2025-04-29,C0425,Chennai,Burger Lab,South Indian,2,550.86,65,0.0,0.0,31,4.7,Credit Card,Cancelled
FD000067,2025-11-27,C0154,Chennai,Burger Lab,Chinese,2,625.51,35,31.28,629.23,15,5.0,Debit Card,Delivered
FD000068,2025-05-16,C0405,Bengaluru,Wok & Roll,Biryani,1,369.31,65,18.47,0.0,42,4.6,UPI,Cancelled
FD000069,2025-01-28,C0734,Delhi,Wok & Roll,Desserts,4,939.1,35,187.82,786.28,37,4.3,Debit Card,Delivered
FD000070,2025-06-21,C0014,Kolkata,Dosa Corner,North Indian,4,1877.96,25,93.9,1809.06,23,5.0,UPI,Delivered
FD000071,2025-10-18,C0320,Pune,Dosa Corner,Chinese,1,400.79,45,40.08,405.71,30,4.7,Credit Card,Delivered
FD000072,2025-03-11,C0038,Delhi,Dosa Corner,Burgers,3,1071.65,55,160.75,0.0,36,4.4,Cash,Cancelled
FD000073,2025-06-18,C0674,Mumbai,The Biryani House,Biryani,4,1180.25,35,118.03,1097.22,27,4.6,UPI,Delivered
FD000074,2025-02-17,C0409,Hyderabad,Spice Route,Desserts,3,577.99,55,0.0,632.99,34,4.4,UPI,Delivered
FD000075,2025-09-08,C0573,Delhi,Pizza District,Pizza,1,391.59,25,39.16,377.43,13,5.0,Credit Card,Delivered
FD000076,2025-06-23,C0775,Mumbai,The Biryani House,North Indian,4,1880.67,45,94.03,1831.64,50,4.1,UPI,Delivered
FD000077,2025-05-01,C0666,Bengaluru,The Biryani House,Burgers,2,703.53,45,35.18,713.35,34,4.2,UPI,Delivered
FD000078,2025-03-24,C0327,Bengaluru,Wok & Roll,Chinese,2,623.05,25,124.61,523.44,21,4.5,Debit Card,Delivered
FD000079,2025-07-26,C0748,Ahmedabad,Sweet Truth,Pizza,2,786.6,45,0.0,831.6,12,5.0,UPI,Delivered
FD000080,2025-09-02,C0378,Delhi,Dosa Corner,Biryani,4,1335.23,45,66.76,0.0,46,4.3,Credit Card,Cancelled
FD000081,2025-12-10,C0783,Chennai,Burger Lab,Desserts,3,554.72,45,0.0,599.72,41,4.2,UPI,Delivered
FD000082,2025-06-09,C0786,Delhi,Burger Lab,Chinese,3,1287.1,35,0.0,1322.1,37,4.0,UPI,Delivered
FD000083,2025-02-28,C0178,Chennai,Pizza District,Chinese,4,1322.12,25,132.21,1214.91,44,4.6,UPI,Delivered
FD000084,2025-10-31,C0624,Chennai,Wok & Roll,Healthy,4,1437.42,65,143.74,1358.68,44,4.6,Wallet,Delivered
FD000085,2025-08-18,C0559,Bengaluru,Pizza District,Healthy,4,1321.69,45,132.17,1234.52,36,3.7,Credit Card,Delivered
FD000086,2025-09-13,C0617,Chennai,Dosa Corner,North Indian,4,1517.19,55,0.0,1572.19,31,5.0,UPI,Delivered
FD000087,2025-02-05,C0135,Delhi,Sweet Truth,Biryani,4,1217.52,45,0.0,1262.52,29,4.5,UPI,Delivered
FD000088,2025-04-25,C0404,Hyderabad,Pizza District,Chinese,4,1802.67,55,90.13,1767.54,39,4.4,Credit Card,Delivered
FD000089,2025-10-08,C0122,Pune,Burger Lab,North Indian,3,1246.52,25,62.33,1209.19,51,4.4,Credit Card,Delivered
FD000090,2025-10-31,C0719,Bengaluru,Spice Route,Burgers,1,298.25,35,29.82,303.43,33,5.0,UPI,Delivered
FD000091,2025-06-08,C0699,Delhi,Pizza District,Biryani,1,334.36,45,33.44,345.92,52,4.4,UPI,Delivered
FD000092,2025-10-21,C0465,Delhi,Dosa Corner,North Indian,4,1835.25,25,275.29,1584.96,38,4.4,Credit Card,Delivered
FD000093,2025-11-04,C0104,Delhi,Burger Lab,Burgers,2,684.7,25,68.47,641.23,39,3.8,Debit Card,Delivered
FD000094,2025-05-22,C0526,Mumbai,Wok & Roll,Chinese,4,1695.62,45,84.78,1655.84,63,3.0,Cash,Delivered
FD000095,2025-11-24,C0352,Ahmedabad,Urban Tadka,Healthy,4,1351.94,55,135.19,1271.75,54,4.3,Credit Card,Delivered
FD000096,2025-04-16,C0631,Mumbai,Dosa Corner,Chinese,3,1304.77,45,130.48,1219.29,54,4.4,Debit Card,Delivered
FD000097,2025-03-29,C0080,Delhi,Sweet Truth,Burgers,4,1128.27,25,225.65,927.62,24,4.4,Credit Card,Delivered
FD000098,2025-09-07,C0326,Delhi,Pizza District,Burgers,2,657.56,65,32.88,689.68,60,3.7,Credit Card,Delivered
FD000099,2025-08-21,C0290,Bengaluru,Dosa Corner,Burgers,2,588.43,25,58.84,554.59,33,4.3,Debit Card,Delivered
FD000100,2025-02-21,C0763,Bengaluru,Wok & Roll,Biryani,4,1459.2,35,72.96,1421.24,31,4.3,UPI,Delivered
FD000101,2025-10-31,C0239,Chennai,Pizza District,Desserts,4,967.43,65,96.74,935.69,12,5.0,Wallet,Delivered
FD000102,2025-03-14,C0791,Bengaluru,The Biryani House,North Indian,1,470.67,55,70.6,455.07,38,4.4,UPI,Delivered
FD000103,2025-10-21,C0738,Chennai,Wok & Roll,Pizza,4,1933.19,65,289.98,0.0,21,4.7,Credit Card,Cancelled
FD000104,2025-01-03,C0470,Chennai,Pizza District,Pizza,2,988.89,55,0.0,0.0,39,5.0,Credit Card,Cancelled
FD000105,2025-10-18,C0140,Mumbai,Wok & Roll,North Indian,4,1830.19,45,0.0,1875.19,20,4.3,Cash,Delivered
FD000106,2025-10-15,C0178,Bengaluru,Urban Tadka,Biryani,3,1248.27,35,124.83,1158.44,56,4.1,UPI,Delivered
FD000107,2025-10-12,C0014,Pune,Pizza District,Chinese,3,1257.69,35,125.77,1166.92,41,3.9,Cash,Delivered
FD000108,2025-08-31,C0620,Chennai,Burger Lab,Burgers,1,255.03,65,38.25,281.78,61,3.7,UPI,Delivered
FD000109,2025-06-22,C0581,Delhi,Dosa Corner,South Indian,2,448.72,55,0.0,503.72,22,4.8,UPI,Delivered
FD000110,2025-09-15,C0258,Hyderabad,The Biryani House,Biryani,3,1212.73,35,181.91,1065.82,53,4.3,Cash,Delivered
FD000111,2025-04-12,C0586,Chennai,Wok & Roll,South Indian,4,1059.68,35,105.97,0.0,12,4.9,UPI,Cancelled
FD000112,2025-10-12,C0462,Hyderabad,The Biryani House,Burgers,1,333.23,35,0.0,0.0,36,4.3,Credit Card,Cancelled
FD000113,2025-07-22,C0654,Delhi,Dosa Corner,South Indian,1,255.78,35,0.0,0.0,26,4.6,Credit Card,Cancelled
FD000114,2025-06-17,C0070,Bengaluru,The Biryani House,Biryani,3,1020.69,55,102.07,973.62,29,4.2,Wallet,Delivered
FD000115,2025-07-04,C0160,Ahmedabad,Burger Lab,Burgers,2,588.15,25,0.0,613.15,28,4.8,Debit Card,Delivered
FD000116,2025-07-27,C0646,Bengaluru,Pizza District,Chinese,4,1694.33,35,169.43,0.0,23,4.8,UPI,Cancelled
FD000117,2025-01-14,C0296,Mumbai,The Biryani House,Pizza,1,443.47,65,44.35,464.12,19,5.0,Cash,Delivered
FD000118,2025-02-21,C0768,Bengaluru,Wok & Roll,Biryani,2,752.17,45,37.61,759.56,29,4.6,UPI,Delivered
FD000119,2025-03-31,C0705,Delhi,Wok & Roll,Biryani,1,381.59,35,0.0,416.59,35,4.4,Credit Card,Delivered
FD000120,2025-02-11,C0076,Chennai,Burger Lab,Pizza,3,1631.13,35,326.23,1339.9,48,4.5,Debit Card,Delivered
FD000121,2025-06-10,C0323,Chennai,Dosa Corner,Biryani,4,1310.18,25,131.02,1204.16,38,4.7,Debit Card,Delivered
FD000122,2025-09-01,C0586,Bengaluru,Burger Lab,Healthy,1,353.38,35,35.34,353.04,48,4.6,Debit Card,Delivered
FD000123,2025-08-27,C0110,Hyderabad,Dosa Corner,Burgers,2,519.6,25,51.96,492.64,16,5.0,Cash,Delivered
FD000124,2025-06-21,C0689,Hyderabad,Pizza District,Desserts,4,702.52,25,70.25,657.27,29,5.0,Credit Card,Delivered
FD000125,2025-11-09,C0079,Ahmedabad,Wok & Roll,Healthy,1,313.62,25,47.04,291.58,43,4.1,Wallet,Delivered
FD000126,2025-07-26,C0088,Chennai,Pizza District,Biryani,4,1169.38,35,116.94,0.0,38,4.3,UPI,Cancelled
FD000127,2025-01-29,C0435,Hyderabad,Wok & Roll,South Indian,4,1124.96,25,56.25,1093.71,24,5.0,UPI,Delivered
FD000128,2025-10-07,C0198,Ahmedabad,Urban Tadka,North Indian,1,458.24,65,0.0,0.0,45,4.5,Debit Card,Cancelled
FD000129,2025-07-29,C0512,Hyderabad,Dosa Corner,South Indian,1,199.45,25,0.0,224.45,28,4.5,UPI,Delivered
FD000130,2025-08-20,C0314,Chennai,Wok & Roll,Burgers,3,1032.98,35,103.3,964.68,25,4.3,Credit Card,Delivered
FD000131,2025-07-26,C0217,Delhi,Wok & Roll,Burgers,1,306.27,55,0.0,361.27,40,4.2,Debit Card,Delivered
FD000132,2025-07-22,C0670,Kolkata,Sweet Truth,Biryani,3,1135.08,25,113.51,0.0,34,4.2,Credit Card,Cancelled
FD000133,2025-02-03,C0128,Delhi,Pizza District,Chinese,1,434.77,35,86.95,0.0,28,5.0,UPI,Cancelled
FD000134,2025-07-24,C0395,Chennai,Pizza District,Healthy,3,999.54,55,49.98,1004.56,27,4.9,UPI,Delivered
FD000135,2025-10-18,C0135,Ahmedabad,Wok & Roll,Healthy,2,553.5,45,0.0,0.0,21,4.5,UPI,Cancelled
FD000136,2025-04-21,C0110,Hyderabad,Sweet Truth,Biryani,3,856.03,25,85.6,795.43,29,4.2,UPI,Delivered
FD000137,2025-08-09,C0165,Ahmedabad,The Biryani House,South Indian,4,960.88,45,0.0,0.0,47,3.9,UPI,Cancelled
FD000138,2025-01-12,C0206,Kolkata,Urban Tadka,Pizza,2,1125.52,45,112.55,1057.97,37,4.2,Cash,Delivered
FD000139,2025-05-07,C0330,Ahmedabad,Spice Route,North Indian,3,1226.04,35,61.3,1199.74,46,4.1,UPI,Delivered
FD000140,2025-06-09,C0374,Bengaluru,Burger Lab,Biryani,3,1003.8,25,50.19,978.61,40,4.7,Cash,Delivered
FD000141,2025-12-25,C0112,Hyderabad,Spice Route,Healthy,4,1065.15,25,106.52,983.63,27,4.3,Wallet,Delivered
FD000142,2025-03-20,C0032,Delhi,Burger Lab,North Indian,1,460.2,55,23.01,492.19,14,5.0,UPI,Delivered
FD000143,2025-04-11,C0076,Mumbai,Sweet Truth,Biryani,1,328.51,35,0.0,363.51,23,4.4,Wallet,Delivered
FD000144,2025-05-30,C0505,Mumbai,Burger Lab,Biryani,2,757.47,25,0.0,782.47,26,4.2,UPI,Delivered
FD000145,2025-12-29,C0780,Ahmedabad,Urban Tadka,North Indian,3,1280.95,45,64.05,1261.9,25,5.0,Debit Card,Delivered
FD000146,2025-11-08,C0021,Delhi,Burger Lab,Biryani,4,1275.07,65,191.26,1148.81,46,4.6,Wallet,Delivered
FD000147,2025-01-13,C0028,Bengaluru,Pizza District,Chinese,2,633.3,25,0.0,658.3,46,4.1,Cash,Delivered
FD000148,2025-03-27,C0625,Chennai,Spice Route,North Indian,1,380.44,25,0.0,405.44,61,3.9,UPI,Delivered
FD000149,2025-10-27,C0580,Hyderabad,Urban Tadka,Chinese,3,1059.02,35,0.0,1094.02,25,4.8,UPI,Delivered
FD000150,2025-01-22,C0588,Hyderabad,Burger Lab,Burgers,3,985.14,45,49.26,980.88,53,4.0,UPI,Delivered
FD000151,2025-11-09,C0139,Hyderabad,Wok & Roll,Burgers,2,684.37,35,0.0,719.37,53,3.5,Wallet,Delivered
FD000152,2025-04-13,C0693,Pune,Pizza District,Biryani,1,314.59,55,31.46,338.13,31,3.7,UPI,Delivered
FD000153,2025-12-01,C0499,Delhi,Dosa Corner,Healthy,4,1308.83,25,0.0,1333.83,40,4.0,Credit Card,Delivered
FD000154,2025-04-18,C0127,Mumbai,Wok & Roll,Pizza,4,1589.56,35,158.96,1465.6,49,4.7,UPI,Delivered
FD000155,2025-06-08,C0093,Chennai,Sweet Truth,Biryani,3,940.49,35,0.0,975.49,33,5.0,UPI,Delivered
FD000156,2025-08-30,C0483,Delhi,Spice Route,Pizza,3,1585.92,35,79.3,1541.62,32,4.4,UPI,Delivered
FD000157,2025-02-16,C0624,Pune,The Biryani House,Healthy,2,719.38,35,0.0,754.38,26,4.3,UPI,Delivered
FD000158,2025-07-23,C0625,Kolkata,Urban Tadka,Biryani,2,776.52,55,77.65,753.87,12,5.0,Credit Card,Delivered
FD000159,2025-07-04,C0471,Mumbai,Pizza District,North Indian,1,343.93,35,51.59,0.0,35,4.6,UPI,Cancelled
FD000160,2025-10-14,C0413,Pune,Sweet Truth,South Indian,1,245.14,45,0.0,290.14,25,4.9,Credit Card,Delivered
FD000161,2025-12-30,C0557,Mumbai,Pizza District,North Indian,2,772.24,25,154.45,642.79,21,3.9,Credit Card,Delivered
FD000162,2025-08-31,C0105,Chennai,The Biryani House,Healthy,2,767.91,45,0.0,812.91,39,5.0,UPI,Delivered
FD000163,2025-05-30,C0292,Kolkata,Spice Route,North Indian,1,420.94,35,42.09,413.85,17,5.0,Debit Card,Delivered
FD000164,2025-05-29,C0080,Chennai,Pizza District,Healthy,4,1508.25,45,150.82,1402.43,44,4.1,Credit Card,Delivered
FD000165,2025-06-02,C0672,Chennai,Urban Tadka,Biryani,2,608.66,25,0.0,633.66,40,4.0,Credit Card,Delivered
FD000166,2025-10-25,C0485,Bengaluru,Urban Tadka,Desserts,3,599.15,65,29.96,0.0,29,4.9,UPI,Cancelled
FD000167,2025-04-28,C0622,Mumbai,Urban Tadka,Chinese,2,836.45,55,0.0,891.45,33,4.6,UPI,Delivered
FD000168,2025-03-02,C0399,Mumbai,Burger Lab,Chinese,2,720.58,55,72.06,0.0,20,4.8,Cash,Cancelled
FD000169,2025-05-03,C0744,Delhi,Burger Lab,North Indian,4,1670.77,55,83.54,1642.23,43,4.4,Cash,Delivered
FD000170,2025-01-09,C0744,Chennai,Burger Lab,Healthy,3,975.55,25,146.33,854.22,36,4.4,UPI,Delivered
FD000171,2025-02-08,C0494,Bengaluru,Spice Route,South Indian,4,1141.06,45,0.0,0.0,37,4.5,UPI,Cancelled
FD000172,2025-02-02,C0668,Kolkata,Sweet Truth,Burgers,2,535.16,35,80.27,489.89,40,4.6,UPI,Delivered
FD000173,2025-10-09,C0528,Bengaluru,Wok & Roll,Burgers,2,711.07,55,0.0,766.07,26,4.8,Debit Card,Delivered
FD000174,2025-09-21,C0579,Ahmedabad,Wok & Roll,Burgers,2,587.76,25,58.78,0.0,16,5.0,UPI,Cancelled
FD000175,2025-09-12,C0198,Bengaluru,Sweet Truth,Burgers,3,904.66,25,0.0,929.66,45,4.7,Wallet,Delivered
FD000176,2025-06-18,C0786,Mumbai,The Biryani House,Burgers,2,617.11,45,0.0,662.11,42,3.7,UPI,Delivered
FD000177,2025-09-19,C0148,Mumbai,Wok & Roll,Biryani,2,640.59,25,0.0,665.59,28,4.3,Wallet,Delivered
FD000178,2025-02-28,C0556,Pune,Spice Route,Biryani,1,413.17,45,41.32,416.85,39,4.3,UPI,Delivered
FD000179,2025-11-25,C0486,Hyderabad,Pizza District,Desserts,3,705.55,35,0.0,740.55,49,3.8,UPI,Delivered
FD000180,2025-07-02,C0074,Kolkata,The Biryani House,Burgers,3,1079.61,45,107.96,1016.65,48,4.0,UPI,Delivered
FD000181,2025-12-09,C0620,Mumbai,Urban Tadka,Healthy,3,1153.87,55,230.77,0.0,27,5.0,UPI,Cancelled
FD000182,2025-02-25,C0063,Mumbai,Wok & Roll,South Indian,4,1023.81,45,0.0,0.0,16,4.8,Wallet,Cancelled
FD000183,2025-07-01,C0408,Mumbai,Urban Tadka,Biryani,4,1380.3,25,0.0,1405.3,18,4.2,Credit Card,Delivered
FD000184,2025-09-12,C0653,Hyderabad,Sweet Truth,Biryani,4,1592.59,25,0.0,1617.59,30,4.4,UPI,Delivered
FD000185,2025-06-30,C0101,Mumbai,Urban Tadka,Pizza,1,394.33,25,0.0,0.0,52,4.0,Wallet,Cancelled
FD000186,2025-06-12,C0289,Bengaluru,Spice Route,Healthy,4,1458.86,25,72.94,1410.92,25,4.7,UPI,Delivered
FD000187,2025-03-02,C0407,Bengaluru,Pizza District,Pizza,2,961.01,45,96.1,909.91,27,4.8,UPI,Delivered
FD000188,2025-05-20,C0740,Delhi,Pizza District,Chinese,2,808.21,35,0.0,0.0,27,4.8,UPI,Cancelled
FD000189,2025-03-29,C0306,Mumbai,Burger Lab,Healthy,2,616.64,35,0.0,651.64,28,4.6,Credit Card,Delivered
FD000190,2025-04-21,C0095,Hyderabad,Burger Lab,Healthy,2,615.31,25,61.53,578.78,34,4.0,Cash,Delivered
FD000191,2025-09-07,C0106,Hyderabad,Wok & Roll,Pizza,4,1583.09,65,0.0,1648.09,19,4.7,UPI,Delivered
FD000192,2025-08-19,C0160,Hyderabad,Wok & Roll,Biryani,3,1024.09,25,102.41,946.68,47,3.9,Debit Card,Delivered
FD000193,2025-08-10,C0694,Hyderabad,Dosa Corner,Biryani,4,1357.24,35,203.59,0.0,32,4.4,UPI,Cancelled
FD000194,2025-05-13,C0619,Mumbai,Burger Lab,Biryani,4,1259.59,35,0.0,0.0,64,3.9,UPI,Cancelled
FD000195,2025-12-17,C0335,Hyderabad,Urban Tadka,Pizza,2,870.03,25,43.5,851.53,20,4.9,Debit Card,Delivered
FD000196,2025-02-01,C0678,Kolkata,Pizza District,Chinese,3,1173.97,65,176.1,1062.87,53,4.3,Debit Card,Delivered
FD000197,2025-05-06,C0735,Bengaluru,Burger Lab,North Indian,3,1110.97,25,111.1,1024.87,51,3.9,Credit Card,Delivered
FD000198,2025-02-13,C0694,Hyderabad,The Biryani House,Chinese,2,853.28,45,85.33,0.0,29,5.0,UPI,Cancelled
FD000199,2025-05-04,C0004,Kolkata,Dosa Corner,South Indian,3,615.41,45,61.54,598.87,29,4.8,UPI,Delivered
FD000200,2025-12-18,C0080,Bengaluru,Pizza District,Pizza,3,1485.39,55,74.27,0.0,23,4.8,Debit Card,Cancelled
FD000201,2025-05-14,C0581,Chennai,The Biryani House,Desserts,4,709.29,45,35.46,718.83,23,4.9,Credit Card,Delivered
FD000202,2025-11-28,C0306,Ahmedabad,Pizza District,South Indian,4,972.28,55,97.23,930.05,34,4.2,UPI,Delivered
FD000203,2025-06-30,C0128,Ahmedabad,Wok & Roll,North Indian,3,1216.97,35,121.7,1130.27,34,3.7,UPI,Delivered
FD000204,2025-09-13,C0518,Delhi,Burger Lab,Healthy,4,1364.73,35,136.47,1263.26,15,4.7,Debit Card,Delivered
FD000205,2025-06-16,C0285,Hyderabad,The Biryani House,Pizza,1,467.79,45,23.39,489.4,62,4.0,UPI,Delivered
FD000206,2025-04-08,C0736,Mumbai,Urban Tadka,Biryani,4,1411.04,45,211.66,1244.38,31,4.6,Debit Card,Delivered
FD000207,2025-10-06,C0462,Ahmedabad,Spice Route,Pizza,2,845.87,45,0.0,890.87,35,4.4,Debit Card,Delivered
FD000208,2025-12-20,C0192,Ahmedabad,Pizza District,Burgers,2,601.96,25,0.0,0.0,26,4.4,UPI,Cancelled
FD000209,2025-04-07,C0748,Hyderabad,Sweet Truth,Healthy,4,1232.78,35,0.0,0.0,31,3.8,Credit Card,Cancelled
FD000210,2025-10-12,C0481,Chennai,Sweet Truth,Burgers,2,648.88,35,0.0,0.0,30,5.0,Credit Card,Cancelled
FD000211,2025-04-06,C0238,Bengaluru,Wok & Roll,Desserts,4,793.93,25,79.39,739.54,34,4.4,Credit Card,Delivered
FD000212,2025-09-19,C0115,Hyderabad,Wok & Roll,Chinese,2,838.67,35,0.0,0.0,34,4.3,Cash,Cancelled
FD000213,2025-10-15,C0445,Delhi,Wok & Roll,Biryani,2,683.31,25,68.33,639.98,44,4.0,Credit Card,Delivered
FD000214,2025-06-14,C0598,Bengaluru,Urban Tadka,Pizza,2,865.82,45,43.29,867.53,37,4.8,UPI,Delivered
FD000215,2025-09-26,C0669,Bengaluru,Pizza District,South Indian,2,439.81,45,0.0,484.81,42,4.6,UPI,Delivered
FD000216,2025-04-10,C0103,Hyderabad,Sweet Truth,South Indian,4,796.48,45,0.0,841.48,34,4.1,Credit Card,Delivered
FD000217,2025-01-29,C0346,Mumbai,Wok & Roll,Burgers,1,309.86,45,15.49,339.37,37,4.8,UPI,Delivered
FD000218,2025-02-05,C0800,Hyderabad,Urban Tadka,Pizza,3,1623.66,25,162.37,1486.29,31,4.5,Debit Card,Delivered
FD000219,2025-06-13,C0529,Chennai,Spice Route,South Indian,4,1059.96,25,53.0,1031.96,46,3.9,UPI,Delivered
FD000220,2025-11-26,C0074,Hyderabad,Dosa Corner,Biryani,2,686.45,45,0.0,731.45,38,4.2,UPI,Delivered
FD000221,2025-02-16,C0734,Ahmedabad,Sweet Truth,Healthy,3,859.57,55,0.0,0.0,32,4.2,UPI,Cancelled
FD000222,2025-06-16,C0549,Hyderabad,Spice Route,Biryani,2,799.69,45,0.0,844.69,32,4.0,Cash,Delivered
FD000223,2025-09-14,C0369,Mumbai,Pizza District,Biryani,1,292.55,45,0.0,337.55,33,4.7,Debit Card,Delivered
FD000224,2025-03-15,C0622,Hyderabad,Dosa Corner,Chinese,3,1094.37,45,218.87,0.0,34,4.4,Credit Card,Cancelled
FD000225,2025-09-21,C0519,Hyderabad,The Biryani House,Chinese,4,1721.7,45,0.0,1766.7,33,4.7,UPI,Delivered
FD000226,2025-04-22,C0207,Bengaluru,Urban Tadka,Chinese,3,1091.76,45,0.0,1136.76,27,4.7,Cash,Delivered
FD000227,2025-10-23,C0638,Hyderabad,Pizza District,Burgers,2,522.23,45,78.33,488.9,43,4.4,Cash,Delivered
FD000228,2025-07-31,C0204,Hyderabad,Pizza District,Healthy,1,295.08,25,29.51,290.57,44,3.5,UPI,Delivered
FD000229,2025-07-19,C0184,Mumbai,Pizza District,Burgers,4,1267.21,25,63.36,1228.85,55,3.6,Debit Card,Delivered
FD000230,2025-03-06,C0477,Delhi,Sweet Truth,Burgers,4,1060.24,35,106.02,989.22,27,4.8,Cash,Delivered
FD000231,2025-06-19,C0015,Hyderabad,Sweet Truth,Burgers,4,1292.58,45,193.89,0.0,42,3.8,UPI,Cancelled
FD000232,2025-11-09,C0505,Chennai,Wok & Roll,Biryani,2,686.55,55,0.0,741.55,12,5.0,UPI,Delivered
FD000233,2025-01-08,C0441,Mumbai,Spice Route,Chinese,3,1066.45,35,0.0,0.0,44,3.7,Credit Card,Cancelled
FD000234,2025-10-04,C0577,Bengaluru,The Biryani House,Pizza,2,867.7,35,130.15,772.55,17,4.9,UPI,Delivered
FD000235,2025-06-29,C0128,Chennai,Urban Tadka,South Indian,1,269.92,55,26.99,297.93,22,5.0,Debit Card,Delivered
FD000236,2025-09-20,C0465,Hyderabad,Spice Route,Biryani,1,337.76,35,67.55,0.0,38,4.6,Credit Card,Cancelled
FD000237,2025-08-31,C0354,Bengaluru,Pizza District,Healthy,2,705.93,55,0.0,760.93,27,4.0,UPI,Delivered
FD000238,2025-06-07,C0140,Chennai,Spice Route,Burgers,3,895.08,25,134.26,0.0,25,5.0,UPI,Cancelled
FD000239,2025-04-23,C0362,Ahmedabad,Wok & Roll,North Indian,1,336.33,35,0.0,371.33,28,5.0,Debit Card,Delivered
FD000240,2025-08-17,C0740,Ahmedabad,The Biryani House,Burgers,3,895.14,35,89.51,840.63,43,5.0,UPI,Delivered
FD000241,2025-02-21,C0660,Ahmedabad,Burger Lab,Biryani,2,705.04,35,105.76,0.0,23,4.9,UPI,Cancelled
FD000242,2025-08-02,C0134,Chennai,Wok & Roll,North Indian,4,1565.62,25,0.0,0.0,33,4.0,UPI,Cancelled
FD000243,2025-02-04,C0678,Hyderabad,Sweet Truth,South Indian,2,538.56,35,0.0,573.56,29,4.7,Cash,Delivered
FD000244,2025-08-26,C0453,Bengaluru,Pizza District,Desserts,1,235.14,35,23.51,246.63,44,4.8,UPI,Delivered
FD000245,2025-08-18,C0038,Bengaluru,Urban Tadka,Burgers,2,676.75,35,101.51,610.24,44,4.1,UPI,Delivered
FD000246,2025-01-31,C0737,Hyderabad,Sweet Truth,South Indian,4,992.13,55,0.0,1047.13,12,5.0,Debit Card,Delivered
FD000247,2025-10-04,C0421,Hyderabad,The Biryani House,North Indian,2,807.98,25,121.2,0.0,47,3.8,UPI,Cancelled
FD000248,2025-06-01,C0731,Chennai,Dosa Corner,South Indian,3,760.98,35,0.0,795.98,27,4.8,Debit Card,Delivered
FD000249,2025-10-15,C0079,Bengaluru,Dosa Corner,Pizza,4,1769.54,25,88.48,1706.06,37,3.5,UPI,Delivered
FD000250,2025-01-16,C0135,Hyderabad,Sweet Truth,South Indian,2,537.76,65,0.0,602.76,23,4.4,Cash,Delivered
FD000251,2025-03-07,C0722,Delhi,Burger Lab,South Indian,3,818.92,55,122.84,751.08,38,4.3,UPI,Delivered
FD000252,2025-06-30,C0191,Bengaluru,Wok & Roll,Healthy,1,295.23,65,0.0,360.23,65,3.5,UPI,Delivered
FD000253,2025-03-10,C0440,Kolkata,Pizza District,Burgers,2,703.55,55,70.36,688.19,36,3.9,UPI,Delivered
FD000254,2025-05-01,C0482,Bengaluru,Pizza District,Burgers,2,691.06,35,0.0,726.06,28,4.4,Wallet,Delivered
FD000255,2025-08-30,C0759,Mumbai,Dosa Corner,North Indian,3,1159.16,45,173.87,1030.29,31,4.6,Cash,Delivered
FD000256,2025-02-22,C0270,Hyderabad,Wok & Roll,Chinese,4,1751.77,35,175.18,1611.59,16,4.9,UPI,Delivered
FD000257,2025-09-05,C0604,Mumbai,Spice Route,Desserts,2,348.55,55,0.0,0.0,51,4.0,UPI,Cancelled
FD000258,2025-02-07,C0585,Hyderabad,The Biryani House,Burgers,2,501.46,35,0.0,536.46,38,4.6,UPI,Delivered
FD000259,2025-03-05,C0561,Hyderabad,Sweet Truth,Pizza,4,1813.25,35,90.66,1757.59,21,4.7,UPI,Delivered
FD000260,2025-08-03,C0418,Mumbai,Urban Tadka,Desserts,2,417.08,55,20.85,451.23,22,5.0,UPI,Delivered
FD000261,2025-10-17,C0057,Bengaluru,Pizza District,Biryani,3,995.23,55,149.28,0.0,34,4.1,Cash,Cancelled
FD000262,2025-03-04,C0213,Hyderabad,Dosa Corner,Pizza,3,1684.37,65,168.44,1580.93,45,4.8,UPI,Delivered
FD000263,2025-04-20,C0449,Ahmedabad,The Biryani House,South Indian,1,218.18,25,10.91,232.27,20,5.0,Cash,Delivered
FD000264,2025-12-04,C0329,Hyderabad,Burger Lab,Desserts,4,746.61,35,74.66,0.0,47,4.0,UPI,Cancelled
FD000265,2025-12-28,C0148,Mumbai,Dosa Corner,North Indian,2,836.08,35,41.8,829.28,33,4.4,Cash,Delivered
FD000266,2025-08-01,C0553,Mumbai,The Biryani House,Pizza,3,1172.11,35,0.0,1207.11,23,4.8,UPI,Delivered
FD000267,2025-06-13,C0369,Bengaluru,Sweet Truth,Biryani,2,763.53,35,0.0,798.53,28,4.8,UPI,Delivered
FD000268,2025-05-07,C0629,Chennai,Pizza District,Healthy,4,1234.96,35,0.0,1269.96,55,4.3,Debit Card,Delivered
FD000269,2025-08-12,C0439,Hyderabad,The Biryani House,Biryani,3,1245.12,55,124.51,1175.61,17,4.4,UPI,Delivered
FD000270,2025-08-04,C0296,Delhi,Urban Tadka,Pizza,1,515.84,35,0.0,550.84,25,4.8,Cash,Delivered
FD000271,2025-04-18,C0088,Bengaluru,The Biryani House,Pizza,1,399.5,45,39.95,404.55,45,3.4,Debit Card,Delivered
FD000272,2025-01-09,C0084,Hyderabad,Wok & Roll,Chinese,4,1283.17,55,0.0,1338.17,37,4.3,Wallet,Delivered
FD000273,2025-02-25,C0406,Bengaluru,Urban Tadka,North Indian,3,1007.31,45,100.73,951.58,25,5.0,Cash,Delivered
FD000274,2025-12-16,C0283,Kolkata,The Biryani House,Desserts,2,476.7,35,0.0,511.7,46,3.7,UPI,Delivered
FD000275,2025-06-02,C0575,Pune,Burger Lab,South Indian,1,257.25,25,12.86,269.39,46,3.6,UPI,Delivered
FD000276,2025-06-26,C0505,Ahmedabad,Sweet Truth,Biryani,1,341.87,25,0.0,366.87,38,4.4,Debit Card,Delivered
FD000277,2025-06-20,C0228,Delhi,Burger Lab,Burgers,4,1082.62,45,0.0,1127.62,27,5.0,UPI,Delivered
FD000278,2025-10-13,C0608,Delhi,Wok & Roll,Burgers,4,1393.62,35,0.0,1428.62,29,4.7,Credit Card,Delivered
FD000279,2025-01-24,C0453,Mumbai,Burger Lab,Biryani,2,623.61,25,31.18,617.43,37,3.7,UPI,Delivered
FD000280,2025-01-31,C0704,Kolkata,Pizza District,Pizza,1,518.62,65,51.86,0.0,18,4.3,Debit Card,Cancelled
FD000281,2025-04-11,C0763,Mumbai,The Biryani House,Pizza,2,1057.85,45,0.0,1102.85,50,4.1,UPI,Delivered
FD000282,2025-06-27,C0770,Bengaluru,Burger Lab,Biryani,1,324.19,55,32.42,346.77,54,3.5,UPI,Delivered
FD000283,2025-09-02,C0102,Delhi,Urban Tadka,Chinese,3,1139.87,35,113.99,1060.88,31,4.6,Wallet,Delivered
FD000284,2025-06-29,C0424,Mumbai,Sweet Truth,South Indian,3,645.88,65,32.29,678.59,38,4.4,Cash,Delivered
FD000285,2025-06-11,C0024,Hyderabad,Pizza District,Biryani,4,1341.59,25,134.16,1232.43,48,3.9,UPI,Delivered
FD000286,2025-12-09,C0705,Chennai,Dosa Corner,Burgers,2,717.95,25,0.0,742.95,57,4.5,UPI,Delivered
FD000287,2025-02-28,C0563,Bengaluru,Spice Route,Desserts,1,218.37,55,21.84,251.53,53,4.2,Debit Card,Delivered
FD000288,2025-07-28,C0210,Kolkata,Pizza District,Desserts,1,230.19,55,23.02,0.0,13,5.0,UPI,Cancelled
FD000289,2025-07-17,C0486,Chennai,Pizza District,North Indian,2,807.72,35,80.77,0.0,30,4.9,Credit Card,Cancelled
FD000290,2025-06-22,C0448,Pune,The Biryani House,Burgers,3,825.33,25,0.0,850.33,40,4.2,Debit Card,Delivered
FD000291,2025-10-22,C0435,Chennai,Wok & Roll,North Indian,1,429.79,35,42.98,421.81,28,4.5,UPI,Delivered
FD000292,2025-04-08,C0432,Pune,Burger Lab,Pizza,4,1924.41,55,0.0,0.0,55,3.8,UPI,Cancelled
FD000293,2025-12-15,C0788,Hyderabad,Sweet Truth,Burgers,2,535.85,55,26.79,0.0,54,4.2,UPI,Cancelled
FD000294,2025-05-02,C0615,Ahmedabad,Dosa Corner,Biryani,4,1359.41,35,0.0,1394.41,24,4.5,UPI,Delivered
FD000295,2025-07-18,C0322,Mumbai,Urban Tadka,Burgers,2,641.65,25,0.0,666.65,32,5.0,Credit Card,Delivered
FD000296,2025-07-10,C0619,Bengaluru,Sweet Truth,Burgers,1,332.43,45,33.24,344.19,25,4.4,UPI,Delivered
FD000297,2025-11-07,C0113,Bengaluru,Pizza District,Pizza,1,434.27,45,65.14,414.13,32,4.6,Wallet,Delivered
FD000298,2025-06-10,C0229,Bengaluru,Pizza District,Desserts,3,697.36,35,0.0,732.36,31,4.4,Debit Card,Delivered
FD000299,2025-04-14,C0094,Chennai,Spice Route,Pizza,3,1377.23,45,137.72,1284.51,45,4.0,UPI,Delivered
FD000300,2025-01-08,C0709,Delhi,Burger Lab,Pizza,4,1757.39,65,175.74,1646.65,23,5.0,Credit Card,Delivered
FD000301,2025-05-13,C0020,Ahmedabad,Sweet Truth,Biryani,4,1243.8,35,186.57,1092.23,12,4.8,UPI,Delivered
FD000302,2025-10-29,C0714,Delhi,The Biryani House,Burgers,1,340.38,45,34.04,351.34,15,4.8,UPI,Delivered
FD000303,2025-01-04,C0666,Mumbai,Dosa Corner,Pizza,2,908.92,45,0.0,953.92,22,4.5,Credit Card,Delivered
FD000304,2025-11-24,C0759,Chennai,Spice Route,Burgers,1,303.33,45,0.0,348.33,26,4.7,UPI,Delivered
FD000305,2025-07-18,C0613,Pune,Sweet Truth,Pizza,1,430.55,55,43.06,442.49,36,4.4,UPI,Delivered
FD000306,2025-02-21,C0367,Kolkata,The Biryani House,Desserts,1,217.83,45,0.0,262.83,21,4.4,UPI,Delivered
FD000307,2025-04-21,C0650,Bengaluru,Pizza District,Healthy,1,358.18,45,53.73,349.45,19,4.7,UPI,Delivered
FD000308,2025-07-22,C0790,Ahmedabad,Spice Route,Chinese,3,1068.62,25,160.29,933.33,23,4.9,Debit Card,Delivered
FD000309,2025-04-26,C0714,Chennai,Sweet Truth,South Indian,1,281.0,45,42.15,283.85,21,5.0,Wallet,Delivered
FD000310,2025-02-09,C0628,Pune,Wok & Roll,North Indian,1,327.11,25,0.0,352.11,27,4.6,Debit Card,Delivered
FD000311,2025-09-01,C0614,Ahmedabad,Sweet Truth,Healthy,1,278.79,25,27.88,275.91,27,4.6,Wallet,Delivered
FD000312,2025-09-03,C0523,Delhi,The Biryani House,South Indian,3,745.74,35,74.57,706.17,42,4.1,Credit Card,Delivered
FD000313,2025-02-13,C0714,Hyderabad,Spice Route,North Indian,3,1284.19,45,0.0,1329.19,22,4.6,UPI,Delivered
FD000314,2025-04-13,C0346,Mumbai,Burger Lab,North Indian,4,1440.91,65,0.0,1505.91,30,4.2,Cash,Delivered
FD000315,2025-03-31,C0401,Hyderabad,Urban Tadka,Desserts,1,207.66,45,0.0,252.66,27,4.1,UPI,Delivered
FD000316,2025-08-29,C0674,Pune,Wok & Roll,Burgers,1,284.27,55,14.21,325.06,44,4.0,UPI,Delivered
FD000317,2025-09-24,C0210,Bengaluru,Spice Route,Biryani,2,717.39,35,143.48,608.91,32,4.8,Wallet,Delivered
FD000318,2025-09-23,C0612,Delhi,Urban Tadka,Biryani,3,1118.07,45,167.71,995.36,47,4.0,Debit Card,Delivered
FD000319,2025-12-09,C0089,Kolkata,Burger Lab,Burgers,1,359.86,65,0.0,424.86,20,4.7,Wallet,Delivered
FD000320,2025-10-08,C0469,Hyderabad,Burger Lab,Chinese,1,372.89,35,18.64,0.0,33,4.3,UPI,Cancelled
FD000321,2025-04-28,C0028,Chennai,Urban Tadka,Burgers,2,644.74,55,0.0,699.74,27,5.0,Debit Card,Delivered
FD000322,2025-02-09,C0798,Delhi,Urban Tadka,Chinese,1,390.45,45,0.0,435.45,19,4.5,UPI,Delivered
FD000323,2025-08-13,C0674,Chennai,Dosa Corner,Chinese,2,706.14,35,0.0,741.14,33,4.6,UPI,Delivered
FD000324,2025-12-01,C0200,Hyderabad,Spice Route,North Indian,4,1442.34,45,144.23,1343.11,55,3.9,Cash,Delivered
FD000325,2025-12-22,C0121,Hyderabad,Urban Tadka,Biryani,3,1249.16,25,124.92,1149.24,24,4.7,UPI,Delivered
FD000326,2025-03-26,C0514,Chennai,Sweet Truth,Pizza,2,855.29,25,128.29,752.0,32,4.6,Debit Card,Delivered
FD000327,2025-03-28,C0722,Delhi,Wok & Roll,Desserts,2,451.7,35,67.76,418.94,18,4.9,Cash,Delivered
FD000328,2025-01-14,C0257,Mumbai,Spice Route,North Indian,4,1378.25,25,0.0,1403.25,16,5.0,Cash,Delivered
FD000329,2025-02-21,C0770,Hyderabad,Sweet Truth,Healthy,3,1083.1,35,108.31,1009.79,25,4.7,UPI,Delivered
FD000330,2025-07-22,C0367,Chennai,The Biryani House,North Indian,3,1051.36,55,0.0,1106.36,29,5.0,UPI,Delivered
FD000331,2025-07-19,C0354,Chennai,Burger Lab,North Indian,4,1872.23,35,93.61,1813.62,29,4.6,Cash,Delivered
FD000332,2025-05-16,C0272,Bengaluru,Burger Lab,Pizza,1,514.85,55,25.74,544.11,31,3.9,Credit Card,Delivered
FD000333,2025-04-24,C0217,Delhi,The Biryani House,Burgers,1,257.91,45,0.0,0.0,14,5.0,Credit Card,Cancelled
FD000334,2025-10-30,C0268,Bengaluru,The Biryani House,Pizza,2,1032.32,25,0.0,0.0,26,4.8,UPI,Cancelled
FD000335,2025-06-17,C0139,Mumbai,Wok & Roll,Chinese,2,788.24,25,0.0,813.24,40,4.3,UPI,Delivered
FD000336,2025-10-23,C0302,Ahmedabad,Pizza District,Healthy,1,303.85,65,0.0,368.85,18,4.8,Wallet,Delivered
FD000337,2025-12-18,C0232,Mumbai,Urban Tadka,Pizza,1,437.45,45,65.62,0.0,30,3.8,Credit Card,Cancelled
FD000338,2025-04-26,C0046,Mumbai,Burger Lab,Chinese,4,1642.57,65,0.0,1707.57,38,3.7,Debit Card,Delivered
FD000339,2025-03-15,C0291,Hyderabad,Burger Lab,Pizza,3,1574.78,35,78.74,1531.04,25,5.0,UPI,Delivered
FD000340,2025-12-14,C0032,Hyderabad,Wok & Roll,Biryani,3,985.56,45,197.11,833.45,38,4.1,UPI,Delivered
FD000341,2025-08-20,C0145,Hyderabad,Burger Lab,Pizza,1,549.47,55,54.95,549.52,16,5.0,Credit Card,Delivered
FD000342,2025-04-17,C0580,Pune,Wok & Roll,Biryani,2,641.51,65,32.08,0.0,45,3.6,Cash,Cancelled
FD000343,2025-08-15,C0021,Pune,Sweet Truth,Healthy,3,813.18,25,121.98,716.2,38,4.0,UPI,Delivered
FD000344,2025-07-07,C0249,Hyderabad,Sweet Truth,Burgers,3,950.35,65,0.0,1015.35,35,4.7,UPI,Delivered
FD000345,2025-11-27,C0548,Bengaluru,Sweet Truth,North Indian,3,1015.84,35,0.0,1050.84,47,4.1,Credit Card,Delivered
FD000346,2025-04-04,C0017,Bengaluru,Spice Route,South Indian,3,660.53,55,33.03,682.5,30,4.7,UPI,Delivered
FD000347,2025-12-28,C0590,Mumbai,Spice Route,Pizza,2,964.62,45,48.23,961.39,27,4.6,UPI,Delivered
FD000348,2025-12-08,C0066,Delhi,Pizza District,Biryani,4,1292.34,45,129.23,1208.11,50,4.0,Credit Card,Delivered
FD000349,2025-03-07,C0045,Delhi,Burger Lab,North Indian,2,709.71,35,0.0,744.71,56,3.7,UPI,Delivered
FD000350,2025-03-02,C0157,Kolkata,Urban Tadka,Pizza,1,517.98,55,51.8,521.18,26,4.2,Debit Card,Delivered
FD000351,2025-07-14,C0689,Bengaluru,Spice Route,North Indian,4,1619.29,35,161.93,1492.36,33,5.0,UPI,Delivered
FD000352,2025-01-17,C0039,Delhi,Spice Route,Biryani,1,396.69,35,79.34,352.35,47,4.7,Debit Card,Delivered
FD000353,2025-04-20,C0079,Mumbai,Wok & Roll,South Indian,2,495.79,45,0.0,540.79,33,4.1,Cash,Delivered
FD000354,2025-06-08,C0757,Bengaluru,Sweet Truth,North Indian,1,395.26,45,0.0,440.26,41,3.9,Cash,Delivered
FD000355,2025-12-20,C0489,Kolkata,Pizza District,Pizza,1,437.55,35,65.63,0.0,43,4.1,Debit Card,Cancelled
FD000356,2025-12-29,C0455,Hyderabad,Burger Lab,Pizza,2,1068.31,45,106.83,0.0,27,4.7,Credit Card,Cancelled
FD000357,2025-02-25,C0033,Delhi,Spice Route,Healthy,1,286.62,35,0.0,321.62,39,4.3,UPI,Delivered
FD000358,2025-11-22,C0316,Delhi,Urban Tadka,Pizza,2,868.17,45,0.0,0.0,34,4.6,UPI,Cancelled
FD000359,2025-02-03,C0462,Kolkata,Burger Lab,Burgers,4,1378.81,45,137.88,1285.93,19,4.8,UPI,Delivered
FD000360,2025-10-01,C0427,Mumbai,Pizza District,Burgers,1,333.11,45,33.31,344.8,22,4.7,Debit Card,Delivered
FD000361,2025-11-05,C0418,Bengaluru,Spice Route,Pizza,4,2006.17,55,200.62,1860.55,26,5.0,UPI,Delivered
FD000362,2025-11-22,C0091,Pune,Urban Tadka,Desserts,2,335.99,45,50.4,0.0,45,4.0,UPI,Cancelled
FD000363,2025-03-23,C0792,Pune,Dosa Corner,Desserts,3,524.4,25,0.0,549.4,46,4.7,Credit Card,Delivered
FD000364,2025-11-23,C0562,Mumbai,Burger Lab,Burgers,2,610.49,45,0.0,655.49,43,4.7,Debit Card,Delivered
FD000365,2025-02-12,C0194,Pune,Dosa Corner,North Indian,2,869.65,25,86.96,807.69,39,4.5,UPI,Delivered
FD000366,2025-07-09,C0776,Bengaluru,The Biryani House,Pizza,1,474.47,25,71.17,428.3,39,3.7,Credit Card,Delivered
FD000367,2025-06-21,C0242,Mumbai,Sweet Truth,Biryani,3,861.9,55,0.0,0.0,37,4.4,Credit Card,Cancelled
FD000368,2025-04-26,C0105,Kolkata,Sweet Truth,Chinese,4,1335.77,35,133.58,0.0,39,4.1,Wallet,Cancelled
FD000369,2025-01-09,C0715,Bengaluru,The Biryani House,Healthy,3,1003.87,35,0.0,1038.87,40,4.3,Debit Card,Delivered
FD000370,2025-10-09,C0123,Mumbai,Urban Tadka,Biryani,3,1131.99,65,0.0,1196.99,17,4.5,UPI,Delivered
FD000371,2025-05-03,C0049,Ahmedabad,Sweet Truth,Pizza,3,1188.25,35,178.24,1045.01,25,4.9,Cash,Delivered
FD000372,2025-08-30,C0503,Pune,The Biryani House,Chinese,2,627.44,25,0.0,652.44,22,5.0,UPI,Delivered
FD000373,2025-05-30,C0212,Kolkata,Pizza District,Desserts,1,185.12,25,0.0,210.12,47,4.5,UPI,Delivered
FD000374,2025-05-17,C0122,Chennai,Sweet Truth,Biryani,3,888.32,35,88.83,834.49,54,3.8,UPI,Delivered
FD000375,2025-11-20,C0082,Ahmedabad,The Biryani House,Burgers,4,1240.38,45,62.02,0.0,12,4.6,Credit Card,Cancelled
FD000376,2025-02-04,C0101,Hyderabad,Sweet Truth,Desserts,2,349.05,55,17.45,386.6,53,4.1,Debit Card,Delivered
FD000377,2025-09-26,C0769,Mumbai,Urban Tadka,Burgers,4,1289.48,45,128.95,1205.53,35,5.0,Credit Card,Delivered
FD000378,2025-09-30,C0537,Chennai,The Biryani House,Biryani,4,1553.48,35,0.0,0.0,46,4.2,Cash,Cancelled
FD000379,2025-05-19,C0675,Pune,Pizza District,Pizza,1,566.63,45,56.66,554.97,40,4.5,Credit Card,Delivered
FD000380,2025-04-06,C0495,Kolkata,Pizza District,Burgers,3,1071.12,25,0.0,1096.12,51,3.9,UPI,Delivered
FD000381,2025-01-02,C0435,Delhi,Urban Tadka,Burgers,3,837.22,45,0.0,0.0,37,4.2,Credit Card,Cancelled
FD000382,2025-12-08,C0175,Delhi,Sweet Truth,North Indian,2,653.85,45,65.39,633.46,18,5.0,Debit Card,Delivered
FD000383,2025-12-12,C0774,Chennai,Burger Lab,South Indian,3,674.93,25,0.0,699.93,33,4.4,Credit Card,Delivered
FD000384,2025-03-29,C0659,Mumbai,Burger Lab,South Indian,4,1037.89,55,155.68,937.21,40,4.4,Credit Card,Delivered
FD000385,2025-01-12,C0423,Mumbai,Burger Lab,Healthy,3,809.48,55,121.42,743.06,31,4.7,Credit Card,Delivered
FD000386,2025-02-14,C0085,Hyderabad,Burger Lab,Burgers,4,1156.19,35,173.43,1017.76,42,4.4,Credit Card,Delivered
FD000387,2025-01-25,C0609,Mumbai,Burger Lab,Burgers,4,1127.69,45,0.0,1172.69,33,4.7,UPI,Delivered
FD000388,2025-10-31,C0267,Kolkata,Burger Lab,Healthy,4,1157.48,45,0.0,1202.48,27,4.3,Cash,Delivered
FD000389,2025-11-22,C0168,Delhi,Burger Lab,Pizza,4,2074.06,25,311.11,1787.95,21,4.5,UPI,Delivered
FD000390,2025-02-25,C0592,Pune,Sweet Truth,South Indian,1,254.98,25,12.75,0.0,29,4.6,UPI,Cancelled
FD000391,2025-09-30,C0670,Chennai,Urban Tadka,Desserts,1,206.23,45,20.62,0.0,36,4.4,Debit Card,Cancelled
FD000392,2025-03-07,C0492,Mumbai,Wok & Roll,Biryani,1,406.13,65,60.92,410.21,12,4.8,Cash,Delivered
FD000393,2025-05-15,C0060,Hyderabad,Urban Tadka,Burgers,1,259.41,45,0.0,0.0,25,4.8,Debit Card,Cancelled
FD000394,2025-08-07,C0481,Chennai,Urban Tadka,Pizza,3,1251.73,45,0.0,0.0,12,5.0,Credit Card,Cancelled
FD000395,2025-09-20,C0736,Chennai,Sweet Truth,Biryani,3,1008.0,45,100.8,952.2,27,5.0,Wallet,Delivered
FD000396,2025-11-16,C0550,Bengaluru,Pizza District,Burgers,2,646.51,35,64.65,616.86,48,4.6,UPI,Delivered
FD000397,2025-01-17,C0213,Hyderabad,Burger Lab,Pizza,1,496.3,25,0.0,521.3,20,4.3,UPI,Delivered
FD000398,2025-03-13,C0518,Delhi,Burger Lab,Desserts,3,512.1,35,51.21,495.89,42,3.8,Credit Card,Delivered
FD000399,2025-04-13,C0200,Chennai,Spice Route,North Indian,2,933.49,55,93.35,895.14,68,3.5,Credit Card,Delivered
FD000400,2025-04-24,C0700,Chennai,Pizza District,Desserts,4,753.96,55,37.7,771.26,51,4.1,Credit Card,Delivered
FD000401,2025-12-31,C0677,Bengaluru,Urban Tadka,Pizza,1,455.33,65,0.0,0.0,36,4.3,Wallet,Cancelled
FD000402,2025-10-11,C0456,Mumbai,The Biryani House,Pizza,2,1007.0,25,100.7,931.3,44,4.0,UPI,Delivered
FD000403,2025-04-27,C0109,Chennai,Urban Tadka,Pizza,1,562.02,45,56.2,550.82,18,4.7,UPI,Delivered
FD000404,2025-12-21,C0322,Chennai,Burger Lab,Biryani,2,746.28,45,149.26,0.0,15,5.0,UPI,Cancelled
FD000405,2025-07-02,C0097,Mumbai,Urban Tadka,Healthy,4,1517.84,25,0.0,1542.84,34,4.0,Credit Card,Delivered
FD000406,2025-07-02,C0613,Hyderabad,Pizza District,Burgers,2,538.33,25,80.75,482.58,39,5.0,Debit Card,Delivered
FD000407,2025-06-08,C0545,Kolkata,The Biryani House,Pizza,2,1005.25,55,100.52,959.73,47,4.1,Wallet,Delivered
FD000408,2025-02-22,C0208,Hyderabad,Sweet Truth,North Indian,2,894.49,45,89.45,850.04,27,5.0,Debit Card,Delivered
FD000409,2025-12-08,C0686,Chennai,Dosa Corner,Burgers,2,612.58,45,0.0,0.0,36,4.2,Wallet,Cancelled
FD000410,2025-01-06,C0608,Bengaluru,The Biryani House,Biryani,3,999.51,35,0.0,0.0,36,4.6,UPI,Cancelled
FD000411,2025-03-05,C0750,Mumbai,The Biryani House,Biryani,4,1663.89,45,83.19,1625.7,32,4.5,UPI,Delivered
FD000412,2025-03-25,C0224,Bengaluru,Burger Lab,South Indian,3,623.49,25,0.0,0.0,33,4.8,UPI,Cancelled
FD000413,2025-04-12,C0140,Kolkata,Burger Lab,Desserts,3,589.92,25,0.0,614.92,24,4.6,Debit Card,Delivered
FD000414,2025-02-18,C0385,Chennai,Wok & Roll,Pizza,2,1097.91,45,164.69,978.22,37,4.9,UPI,Delivered
FD000415,2025-01-07,C0213,Delhi,Spice Route,North Indian,1,458.02,35,0.0,493.02,36,3.9,UPI,Delivered
FD000416,2025-09-05,C0592,Bengaluru,Spice Route,North Indian,3,1410.14,65,211.52,1263.62,29,4.9,UPI,Delivered
FD000417,2025-12-20,C0341,Hyderabad,Burger Lab,North Indian,4,1822.68,35,91.13,1766.55,42,4.3,UPI,Delivered
FD000418,2025-02-14,C0503,Chennai,Pizza District,Pizza,3,1197.82,25,179.67,1043.15,46,3.8,Debit Card,Delivered
FD000419,2025-04-19,C0138,Mumbai,Dosa Corner,Biryani,1,408.66,25,0.0,433.66,42,4.9,Cash,Delivered
FD000420,2025-07-04,C0069,Chennai,Spice Route,North Indian,3,1160.82,45,116.08,0.0,21,5.0,UPI,Cancelled
FD000421,2025-12-05,C0751,Ahmedabad,Urban Tadka,Pizza,4,2034.38,25,203.44,0.0,35,3.7,Credit Card,Cancelled
FD000422,2025-09-11,C0358,Delhi,Dosa Corner,South Indian,1,230.88,25,34.63,221.25,23,4.8,UPI,Delivered
FD000423,2025-10-07,C0112,Ahmedabad,Sweet Truth,Desserts,1,227.65,35,0.0,262.65,35,4.7,UPI,Delivered
FD000424,2025-08-01,C0650,Bengaluru,Burger Lab,Biryani,3,1084.79,35,0.0,1119.79,23,4.9,UPI,Delivered
FD000425,2025-06-02,C0107,Pune,Spice Route,Desserts,2,460.21,45,69.03,436.18,49,4.6,Credit Card,Delivered
FD000426,2025-03-14,C0798,Mumbai,Spice Route,Healthy,3,858.71,35,0.0,893.71,43,4.7,Credit Card,Delivered
FD000427,2025-11-12,C0309,Mumbai,Sweet Truth,South Indian,3,635.5,25,63.55,596.95,48,4.2,Debit Card,Delivered
FD000428,2025-10-21,C0374,Ahmedabad,Pizza District,Burgers,2,596.73,55,0.0,651.73,47,4.9,Cash,Delivered
FD000429,2025-01-10,C0208,Delhi,Pizza District,North Indian,1,323.22,35,0.0,358.22,31,4.9,UPI,Delivered
FD000430,2025-09-19,C0069,Kolkata,Sweet Truth,Chinese,3,1220.77,45,122.08,1143.69,29,4.5,Debit Card,Delivered
FD000431,2025-01-31,C0328,Delhi,Urban Tadka,Desserts,2,375.59,25,37.56,363.03,55,3.7,Debit Card,Delivered
FD000432,2025-09-27,C0293,Hyderabad,The Biryani House,North Indian,4,1625.49,45,162.55,1507.94,32,4.9,UPI,Delivered
FD000433,2025-10-29,C0359,Delhi,Burger Lab,Desserts,2,340.78,35,17.04,0.0,18,4.6,UPI,Cancelled
FD000434,2025-02-17,C0392,Mumbai,Sweet Truth,Pizza,1,421.06,35,42.11,413.95,46,4.0,UPI,Delivered
FD000435,2025-06-08,C0505,Kolkata,The Biryani House,Biryani,4,1471.36,35,294.27,0.0,36,4.3,UPI,Cancelled
FD000436,2025-02-15,C0059,Pune,Urban Tadka,Pizza,3,1336.89,65,0.0,1401.89,52,4.1,UPI,Delivered
FD000437,2025-07-27,C0291,Hyderabad,Spice Route,Chinese,3,1014.94,35,0.0,0.0,37,4.3,UPI,Cancelled
FD000438,2025-12-05,C0692,Hyderabad,Spice Route,Chinese,4,1361.36,55,0.0,1416.36,34,4.0,Cash,Delivered
FD000439,2025-01-30,C0762,Hyderabad,The Biryani House,Chinese,4,1353.31,55,135.33,1272.98,52,4.4,Cash,Delivered
FD000440,2025-05-26,C0432,Mumbai,Wok & Roll,Burgers,4,1277.76,35,0.0,1312.76,16,4.8,Credit Card,Delivered
FD000441,2025-12-22,C0293,Hyderabad,Pizza District,Desserts,4,711.65,35,71.16,675.49,27,5.0,Debit Card,Delivered
FD000442,2025-04-20,C0333,Delhi,Urban Tadka,North Indian,2,754.17,35,37.71,751.46,23,4.8,Wallet,Delivered
FD000443,2025-02-18,C0626,Mumbai,Burger Lab,Pizza,1,515.2,65,51.52,0.0,12,5.0,UPI,Cancelled
FD000444,2025-06-28,C0318,Pune,Sweet Truth,Desserts,3,613.66,45,92.05,566.61,44,4.4,Credit Card,Delivered
FD000445,2025-07-05,C0756,Bengaluru,Urban Tadka,South Indian,4,997.41,45,49.87,0.0,27,5.0,Debit Card,Cancelled
FD000446,2025-08-30,C0023,Mumbai,Burger Lab,Chinese,4,1374.02,25,68.7,0.0,45,4.4,Wallet,Cancelled
FD000447,2025-04-25,C0485,Hyderabad,Wok & Roll,Biryani,3,1227.15,55,0.0,1282.15,39,4.4,Debit Card,Delivered
FD000448,2025-12-15,C0416,Kolkata,Burger Lab,Desserts,3,590.61,25,29.53,586.08,41,4.7,UPI,Delivered
FD000449,2025-07-10,C0362,Hyderabad,Spice Route,Healthy,3,892.96,25,0.0,917.96,29,5.0,Debit Card,Delivered
FD000450,2025-04-15,C0381,Hyderabad,Burger Lab,South Indian,1,277.29,35,41.59,0.0,25,4.6,UPI,Cancelled
FD000451,2025-12-17,C0128,Bengaluru,Burger Lab,North Indian,1,421.12,35,21.06,435.06,35,4.7,UPI,Delivered
FD000452,2025-12-04,C0277,Pune,Burger Lab,Healthy,1,337.71,55,0.0,0.0,45,4.2,Credit Card,Cancelled
FD000453,2025-07-02,C0283,Hyderabad,Dosa Corner,Burgers,4,1399.67,55,0.0,1454.67,33,4.7,Debit Card,Delivered
FD000454,2025-01-10,C0527,Mumbai,Burger Lab,South Indian,4,801.31,25,40.07,786.24,26,4.7,UPI,Delivered
FD000455,2025-08-06,C0479,Pune,Sweet Truth,Burgers,2,688.5,35,103.28,620.22,20,4.0,UPI,Delivered
FD000456,2025-07-22,C0329,Pune,Burger Lab,Healthy,2,691.08,55,0.0,0.0,36,4.3,Debit Card,Cancelled
FD000457,2025-02-24,C0414,Hyderabad,Pizza District,Biryani,2,665.76,45,0.0,710.76,27,5.0,UPI,Delivered
FD000458,2025-08-20,C0458,Hyderabad,Dosa Corner,Burgers,1,277.11,25,13.86,288.25,33,4.2,Cash,Delivered
FD000459,2025-11-03,C0038,Chennai,Burger Lab,North Indian,2,676.55,35,135.31,576.24,31,4.8,Credit Card,Delivered
FD000460,2025-02-08,C0709,Bengaluru,Wok & Roll,Pizza,2,1122.55,45,168.38,999.17,29,4.6,Credit Card,Delivered
FD000461,2025-09-22,C0714,Delhi,Wok & Roll,Desserts,3,527.78,65,0.0,592.78,38,4.3,UPI,Delivered
FD000462,2025-02-21,C0292,Bengaluru,The Biryani House,Burgers,4,1109.86,45,110.99,0.0,41,4.6,Wallet,Cancelled
FD000463,2025-10-01,C0609,Chennai,Wok & Roll,Healthy,1,347.16,25,34.72,0.0,58,4.1,Cash,Cancelled
FD000464,2025-06-02,C0319,Hyderabad,Pizza District,North Indian,2,858.76,45,85.88,817.88,43,4.4,UPI,Delivered
FD000465,2025-01-03,C0055,Mumbai,Urban Tadka,Pizza,4,1677.04,35,83.85,1628.19,53,4.3,Debit Card,Delivered
FD000466,2025-12-19,C0693,Hyderabad,Pizza District,Desserts,4,910.75,55,91.08,874.67,24,4.8,Debit Card,Delivered
FD000467,2025-03-02,C0215,Delhi,Sweet Truth,Pizza,4,1931.49,35,193.15,0.0,15,4.3,UPI,Cancelled
FD000468,2025-08-06,C0287,Hyderabad,The Biryani House,Chinese,3,1287.76,25,0.0,1312.76,34,4.3,Credit Card,Delivered
FD000469,2025-03-08,C0461,Ahmedabad,Burger Lab,South Indian,1,202.94,35,0.0,237.94,44,3.6,Cash,Delivered
FD000470,2025-12-07,C0352,Delhi,Pizza District,North Indian,4,1315.78,35,65.79,1284.99,42,4.5,Credit Card,Delivered
FD000471,2025-09-27,C0213,Hyderabad,The Biryani House,Biryani,3,1109.16,35,0.0,0.0,49,4.4,Wallet,Cancelled
FD000472,2025-10-21,C0641,Hyderabad,Pizza District,Pizza,4,1669.22,45,83.46,1630.76,12,5.0,UPI,Delivered
FD000473,2025-06-07,C0285,Bengaluru,Sweet Truth,South Indian,4,971.08,55,145.66,0.0,49,4.2,Cash,Cancelled
FD000474,2025-06-20,C0474,Hyderabad,Spice Route,Chinese,2,619.05,55,92.86,581.19,38,4.7,Wallet,Delivered
FD000475,2025-08-20,C0533,Bengaluru,Burger Lab,Chinese,1,419.42,35,0.0,454.42,15,4.4,UPI,Delivered
FD000476,2025-10-14,C0748,Kolkata,Dosa Corner,Biryani,3,1213.91,25,0.0,0.0,43,4.2,Credit Card,Cancelled
FD000477,2025-11-06,C0384,Mumbai,Urban Tadka,Pizza,2,1085.35,35,108.54,1011.81,36,3.9,Credit Card,Delivered
FD000478,2025-01-07,C0377,Hyderabad,Dosa Corner,North Indian,1,466.73,35,23.34,478.39,39,4.2,Cash,Delivered
FD000479,2025-08-31,C0731,Mumbai,Burger Lab,Biryani,2,810.22,25,0.0,835.22,46,4.7,UPI,Delivered
FD000480,2025-02-09,C0384,Bengaluru,The Biryani House,Burgers,4,1195.14,55,179.27,0.0,39,4.7,UPI,Cancelled
FD000481,2025-04-16,C0239,Ahmedabad,Urban Tadka,Healthy,2,622.6,65,0.0,0.0,16,5.0,Debit Card,Cancelled
FD000482,2025-10-30,C0035,Hyderabad,Sweet Truth,Biryani,2,808.38,25,0.0,833.38,32,4.4,UPI,Delivered
FD000483,2025-04-02,C0260,Delhi,Urban Tadka,Desserts,3,709.12,55,70.91,693.21,15,4.6,Credit Card,Delivered
FD000484,2025-10-18,C0158,Pune,Sweet Truth,Pizza,3,1701.17,45,170.12,1576.05,42,4.3,Credit Card,Delivered
FD000485,2025-06-18,C0244,Hyderabad,Burger Lab,North Indian,2,876.26,35,43.81,867.45,51,4.4,Wallet,Delivered
FD000486,2025-03-26,C0432,Hyderabad,Dosa Corner,Desserts,4,722.21,45,72.22,0.0,19,5.0,UPI,Cancelled
FD000487,2025-05-02,C0420,Chennai,The Biryani House,North Indian,3,1394.15,25,209.12,0.0,26,4.1,Wallet,Cancelled
FD000488,2025-07-13,C0150,Kolkata,Spice Route,Pizza,1,562.38,25,0.0,587.38,23,4.8,Credit Card,Delivered
FD000489,2025-10-07,C0372,Mumbai,Burger Lab,Chinese,2,806.18,65,80.62,790.56,29,3.9,Cash,Delivered
FD000490,2025-08-10,C0363,Delhi,The Biryani House,Desserts,4,924.04,45,0.0,969.04,39,4.6,UPI,Delivered
FD000491,2025-12-07,C0035,Pune,Wok & Roll,Pizza,1,492.13,35,24.61,502.52,29,4.3,Debit Card,Delivered
FD000492,2025-11-13,C0227,Pune,Pizza District,Pizza,1,561.83,35,28.09,0.0,42,3.8,Cash,Cancelled
FD000493,2025-10-02,C0579,Chennai,The Biryani House,Biryani,3,892.48,65,44.62,912.86,47,4.4,Debit Card,Delivered
FD000494,2025-08-09,C0017,Mumbai,Burger Lab,Healthy,2,736.67,35,0.0,771.67,47,4.3,UPI,Delivered
FD000495,2025-04-16,C0241,Delhi,Wok & Roll,South Indian,2,400.1,55,60.02,395.08,21,4.9,Credit Card,Delivered
FD000496,2025-05-31,C0381,Bengaluru,Burger Lab,South Indian,2,451.72,55,22.59,484.13,51,4.8,UPI,Delivered
FD000497,2025-02-13,C0134,Kolkata,Burger Lab,Desserts,1,175.42,35,26.31,184.11,52,4.2,UPI,Delivered
FD000498,2025-05-17,C0518,Hyderabad,Burger Lab,Chinese,2,752.51,45,37.63,0.0,53,3.7,Debit Card,Cancelled
FD000499,2025-12-05,C0573,Hyderabad,The Biryani House,Burgers,1,274.32,45,41.15,278.17,32,4.7,Wallet,Delivered
FD000500,2025-06-05,C0271,Pune,Dosa Corner,Burgers,3,1072.39,55,53.62,1073.77,25,4.6,Debit Card,Delivered
FD000501,2025-02-11,C0185,Bengaluru,Urban Tadka,South Indian,3,737.69,35,36.88,735.81,22,5.0,UPI,Delivered
FD000502,2025-08-26,C0622,Hyderabad,Sweet Truth,Pizza,4,2213.55,25,221.35,2017.2,21,4.9,UPI,Delivered
FD000503,2025-12-18,C0173,Hyderabad,Dosa Corner,North Indian,1,364.35,25,36.43,352.92,34,4.6,UPI,Delivered
FD000504,2025-11-13,C0117,Mumbai,Wok & Roll,North Indian,2,652.82,45,32.64,665.18,44,3.7,UPI,Delivered
FD000505,2025-04-11,C0027,Kolkata,Urban Tadka,Pizza,2,1062.34,55,53.12,1064.22,50,4.1,Cash,Delivered
FD000506,2025-06-15,C0074,Hyderabad,Sweet Truth,Chinese,3,1224.87,55,122.49,1157.38,28,4.6,UPI,Delivered
FD000507,2025-07-13,C0698,Hyderabad,Wok & Roll,Biryani,3,1072.65,45,107.27,1010.38,34,4.1,UPI,Delivered
FD000508,2025-04-01,C0748,Chennai,Dosa Corner,Healthy,4,1449.52,25,72.48,1402.04,33,4.4,Debit Card,Delivered
FD000509,2025-04-09,C0437,Ahmedabad,Spice Route,North Indian,4,1795.73,25,179.57,1641.16,26,4.8,UPI,Delivered
FD000510,2025-03-28,C0738,Bengaluru,The Biryani House,Healthy,4,1338.07,55,66.9,1326.17,43,4.2,UPI,Delivered
FD000511,2025-12-30,C0566,Ahmedabad,The Biryani House,Pizza,1,565.8,45,28.29,0.0,38,3.9,Credit Card,Cancelled
FD000512,2025-09-30,C0326,Kolkata,Dosa Corner,Biryani,1,380.72,55,38.07,397.65,36,4.3,UPI,Delivered
FD000513,2025-11-03,C0571,Bengaluru,Pizza District,Pizza,4,2052.77,25,410.55,1667.22,38,4.2,Credit Card,Delivered
FD000514,2025-10-26,C0336,Pune,Spice Route,Biryani,4,1332.28,35,0.0,0.0,41,4.3,Credit Card,Cancelled
FD000515,2025-12-17,C0770,Delhi,Wok & Roll,Biryani,2,570.6,55,0.0,625.6,41,4.3,Debit Card,Delivered
FD000516,2025-02-08,C0681,Mumbai,Urban Tadka,Biryani,1,317.05,25,0.0,342.05,24,4.6,UPI,Delivered
FD000517,2025-11-18,C0676,Chennai,Pizza District,Healthy,3,1068.24,25,106.82,986.42,45,4.0,UPI,Delivered
FD000518,2025-01-25,C0425,Pune,Sweet Truth,Biryani,3,1138.24,45,56.91,1126.33,37,4.4,Debit Card,Delivered
FD000519,2025-06-23,C0415,Pune,Pizza District,Biryani,4,1316.1,45,65.81,0.0,29,4.9,UPI,Cancelled
FD000520,2025-08-05,C0094,Pune,Pizza District,North Indian,3,1249.95,65,0.0,1314.95,37,4.5,UPI,Delivered
FD000521,2025-05-11,C0523,Ahmedabad,Spice Route,Chinese,4,1342.1,55,201.31,1195.79,38,4.8,UPI,Delivered
FD000522,2025-02-23,C0092,Chennai,Pizza District,Desserts,4,741.2,45,37.06,749.14,47,4.5,UPI,Delivered
FD000523,2025-03-12,C0433,Pune,Sweet Truth,South Indian,1,281.21,25,28.12,278.09,21,5.0,UPI,Delivered
FD000524,2025-10-29,C0105,Kolkata,Sweet Truth,North Indian,1,384.68,35,0.0,419.68,50,4.5,Wallet,Delivered
FD000525,2025-04-27,C0381,Bengaluru,Sweet Truth,South Indian,4,869.18,55,0.0,0.0,34,5.0,Credit Card,Cancelled
FD000526,2025-04-24,C0625,Hyderabad,The Biryani House,Chinese,1,377.4,35,0.0,412.4,28,4.2,Credit Card,Delivered
FD000527,2025-12-04,C0247,Chennai,Spice Route,South Indian,1,230.22,65,11.51,283.71,28,4.8,UPI,Delivered
FD000528,2025-02-22,C0482,Kolkata,Urban Tadka,Burgers,4,1327.04,45,66.35,0.0,22,5.0,UPI,Cancelled
FD000529,2025-12-01,C0208,Bengaluru,Urban Tadka,Pizza,1,565.11,25,0.0,590.11,13,5.0,Debit Card,Delivered
FD000530,2025-12-03,C0240,Delhi,Spice Route,Burgers,1,315.85,45,0.0,360.85,42,4.0,Debit Card,Delivered
FD000531,2025-08-07,C0147,Hyderabad,Burger Lab,Biryani,1,363.62,45,0.0,408.62,58,4.1,Wallet,Delivered
FD000532,2025-03-02,C0130,Bengaluru,Wok & Roll,Desserts,2,386.18,25,19.31,0.0,15,5.0,UPI,Cancelled
FD000533,2025-02-26,C0298,Mumbai,Burger Lab,Pizza,3,1478.29,35,0.0,1513.29,23,5.0,UPI,Delivered
FD000534,2025-04-14,C0099,Hyderabad,Urban Tadka,Biryani,3,982.41,45,0.0,0.0,43,3.7,Debit Card,Cancelled
FD000535,2025-07-30,C0714,Kolkata,Burger Lab,Pizza,4,1560.8,25,0.0,1585.8,33,4.2,UPI,Delivered
FD000536,2025-02-26,C0594,Hyderabad,Spice Route,North Indian,3,1358.54,35,135.85,1257.69,44,3.6,UPI,Delivered
FD000537,2025-06-16,C0178,Kolkata,Burger Lab,Pizza,4,1872.64,45,280.9,0.0,33,4.5,UPI,Cancelled
FD000538,2025-02-12,C0709,Bengaluru,Dosa Corner,South Indian,1,239.78,55,23.98,270.8,27,5.0,UPI,Delivered
FD000539,2025-07-17,C0293,Ahmedabad,The Biryani House,North Indian,2,670.13,45,0.0,715.13,31,4.5,Cash,Delivered
FD000540,2025-01-08,C0425,Mumbai,The Biryani House,Biryani,2,792.67,65,158.53,699.14,12,5.0,Cash,Delivered
FD000541,2025-09-16,C0560,Hyderabad,Pizza District,Desserts,1,178.12,65,35.62,207.5,20,5.0,Debit Card,Delivered
FD000542,2025-01-21,C0619,Hyderabad,Wok & Roll,Pizza,4,1858.93,35,92.95,1800.98,45,4.1,UPI,Delivered
FD000543,2025-03-13,C0007,Hyderabad,Wok & Roll,Pizza,1,542.93,25,0.0,567.93,48,4.2,Debit Card,Delivered
FD000544,2025-03-05,C0227,Mumbai,Spice Route,South Indian,2,473.32,55,47.33,0.0,51,4.2,Debit Card,Cancelled
FD000545,2025-10-31,C0270,Pune,Pizza District,North Indian,2,925.28,35,185.06,775.22,39,4.0,Debit Card,Delivered
FD000546,2025-01-20,C0469,Chennai,Wok & Roll,Pizza,1,428.1,55,42.81,440.29,12,5.0,Credit Card,Delivered
FD000547,2025-06-06,C0698,Chennai,Wok & Roll,Chinese,4,1640.54,45,164.05,1521.49,26,4.9,Wallet,Delivered
FD000548,2025-08-04,C0351,Mumbai,Burger Lab,Pizza,1,568.0,35,56.8,546.2,50,4.4,UPI,Delivered
FD000549,2025-07-08,C0371,Mumbai,Burger Lab,Chinese,1,386.37,45,77.27,354.1,53,4.4,Credit Card,Delivered
FD000550,2025-09-06,C0071,Delhi,Pizza District,South Indian,2,515.98,45,0.0,0.0,50,4.2,Cash,Cancelled
FD000551,2025-10-21,C0421,Chennai,Wok & Roll,South Indian,1,230.78,65,0.0,295.78,31,4.6,Cash,Delivered
FD000552,2025-05-24,C0390,Delhi,The Biryani House,South Indian,4,1053.49,25,158.02,0.0,18,5.0,Wallet,Cancelled
FD000553,2025-10-30,C0510,Ahmedabad,The Biryani House,Biryani,1,405.88,65,0.0,470.88,34,4.2,UPI,Delivered
FD000554,2025-04-27,C0678,Bengaluru,The Biryani House,South Indian,2,517.96,25,25.9,517.06,34,4.2,Debit Card,Delivered
FD000555,2025-12-26,C0454,Hyderabad,Pizza District,South Indian,2,560.34,55,0.0,615.34,53,3.9,UPI,Delivered
FD000556,2025-07-04,C0042,Hyderabad,Spice Route,South Indian,1,248.57,55,0.0,0.0,37,3.9,Debit Card,Cancelled
FD000557,2025-09-26,C0654,Mumbai,Urban Tadka,Biryani,1,361.76,35,0.0,396.76,34,4.6,UPI,Delivered
FD000558,2025-11-16,C0382,Bengaluru,Spice Route,Burgers,3,848.05,25,84.81,788.24,35,4.8,UPI,Delivered
FD000559,2025-10-17,C0390,Ahmedabad,Pizza District,Burgers,1,329.46,55,16.47,367.99,39,4.1,Wallet,Delivered
FD000560,2025-11-07,C0699,Delhi,Pizza District,Biryani,1,402.3,55,40.23,417.07,42,4.4,Cash,Delivered
FD000561,2025-07-15,C0472,Mumbai,Urban Tadka,Pizza,2,1015.26,35,0.0,1050.26,25,4.5,Credit Card,Delivered
FD000562,2025-01-16,C0633,Pune,Urban Tadka,Burgers,2,548.83,45,82.32,511.51,21,4.4,UPI,Delivered
FD000563,2025-06-29,C0705,Bengaluru,Wok & Roll,Desserts,2,413.79,55,41.38,427.41,50,4.8,UPI,Delivered
FD000564,2025-03-08,C0395,Pune,Urban Tadka,Pizza,4,2110.32,25,422.06,1713.26,14,4.6,UPI,Delivered
FD000565,2025-11-21,C0786,Hyderabad,Dosa Corner,North Indian,2,927.75,45,46.39,926.36,54,3.5,UPI,Delivered
FD000566,2025-03-28,C0138,Mumbai,Urban Tadka,Chinese,3,989.91,35,0.0,1024.91,12,5.0,Cash,Delivered
FD000567,2025-03-25,C0698,Ahmedabad,Pizza District,Desserts,4,699.27,25,69.93,654.34,27,4.7,Credit Card,Delivered
FD000568,2025-04-02,C0679,Pune,Dosa Corner,Burgers,1,295.19,55,44.28,305.91,46,4.4,UPI,Delivered
FD000569,2025-08-23,C0080,Kolkata,Spice Route,Chinese,3,976.58,35,0.0,1011.58,34,5.0,Debit Card,Delivered
FD000570,2025-07-28,C0123,Chennai,Pizza District,South Indian,2,568.44,65,56.84,576.6,18,4.6,UPI,Delivered
FD000571,2025-12-13,C0030,Pune,Pizza District,Healthy,3,943.43,45,94.34,894.09,39,4.1,UPI,Delivered
FD000572,2025-06-01,C0222,Mumbai,Wok & Roll,Chinese,1,384.07,45,0.0,0.0,35,5.0,UPI,Cancelled
FD000573,2025-04-14,C0794,Mumbai,Sweet Truth,Chinese,2,680.17,35,68.02,647.15,31,4.9,UPI,Delivered
FD000574,2025-01-18,C0100,Hyderabad,Wok & Roll,Chinese,1,371.95,35,0.0,406.95,27,4.9,Credit Card,Delivered
FD000575,2025-01-03,C0028,Bengaluru,Pizza District,Desserts,4,963.29,55,0.0,1018.29,34,4.2,Debit Card,Delivered
FD000576,2025-05-17,C0368,Mumbai,Pizza District,Biryani,3,1049.99,45,157.5,937.49,27,5.0,Credit Card,Delivered
FD000577,2025-12-04,C0283,Hyderabad,Wok & Roll,Chinese,1,308.77,55,15.44,0.0,63,4.0,Cash,Cancelled
FD000578,2025-07-11,C0504,Pune,The Biryani House,Burgers,3,826.54,35,82.65,778.89,31,4.6,Cash,Delivered
FD000579,2025-11-23,C0486,Kolkata,Burger Lab,Healthy,4,1529.44,35,152.94,1411.5,30,4.3,Cash,Delivered
FD000580,2025-02-07,C0662,Ahmedabad,Pizza District,Chinese,3,1348.29,25,269.66,1103.63,28,4.6,Wallet,Delivered
FD000581,2025-02-04,C0332,Hyderabad,Spice Route,Burgers,2,543.62,55,27.18,0.0,55,4.5,Wallet,Cancelled
FD000582,2025-11-01,C0370,Ahmedabad,Wok & Roll,Healthy,4,1351.48,35,67.57,1318.91,14,4.6,Cash,Delivered
FD000583,2025-02-08,C0019,Hyderabad,The Biryani House,Burgers,1,256.38,45,0.0,301.38,38,4.1,UPI,Delivered
FD000584,2025-01-19,C0777,Chennai,The Biryani House,Biryani,1,361.8,35,36.18,360.62,31,4.3,UPI,Delivered
FD000585,2025-05-28,C0171,Kolkata,The Biryani House,Pizza,1,412.92,35,20.65,427.27,17,4.7,Debit Card,Delivered
FD000586,2025-12-04,C0477,Hyderabad,Urban Tadka,Biryani,4,1575.53,45,157.55,1462.98,24,4.7,Cash,Delivered
FD000587,2025-09-09,C0705,Hyderabad,The Biryani House,Biryani,3,1229.89,45,61.49,1213.4,38,4.7,Cash,Delivered
FD000588,2025-02-06,C0484,Hyderabad,Sweet Truth,Burgers,3,802.44,65,0.0,0.0,24,4.9,Debit Card,Cancelled
FD000589,2025-11-02,C0501,Mumbai,The Biryani House,Desserts,3,601.89,25,90.28,536.61,37,4.4,Cash,Delivered
FD000590,2025-11-04,C0141,Pune,Burger Lab,Desserts,2,345.71,45,51.86,338.85,55,4.0,Debit Card,Delivered
FD000591,2025-10-20,C0568,Hyderabad,Pizza District,Biryani,1,330.11,25,16.51,0.0,36,4.6,Debit Card,Cancelled
FD000592,2025-11-26,C0153,Hyderabad,Spice Route,Chinese,4,1267.37,55,126.74,1195.63,17,4.3,UPI,Delivered
FD000593,2025-03-29,C0554,Mumbai,Dosa Corner,Biryani,4,1280.74,45,64.04,1261.7,24,5.0,Credit Card,Delivered
FD000594,2025-12-24,C0462,Bengaluru,Sweet Truth,Healthy,1,383.8,35,38.38,0.0,31,4.2,UPI,Cancelled
FD000595,2025-04-28,C0392,Delhi,Urban Tadka,Biryani,1,290.93,55,14.55,331.38,30,4.4,UPI,Delivered
FD000596,2025-10-20,C0577,Ahmedabad,Urban Tadka,South Indian,3,819.5,35,40.97,0.0,36,4.5,Credit Card,Cancelled
FD000597,2025-07-31,C0576,Pune,Sweet Truth,Pizza,1,404.1,35,0.0,439.1,38,4.3,UPI,Delivered
FD000598,2025-10-12,C0164,Kolkata,Spice Route,South Indian,3,729.42,35,0.0,764.42,55,4.1,Cash,Delivered
FD000599,2025-08-18,C0301,Mumbai,Sweet Truth,Burgers,4,1198.88,25,119.89,1103.99,34,4.5,Credit Card,Delivered
FD000600,2025-08-23,C0388,Pune,Urban Tadka,Desserts,2,473.46,55,23.67,0.0,20,4.7,Debit Card,Cancelled
FD000601,2025-08-13,C0122,Hyderabad,Dosa Corner,Pizza,2,852.45,45,0.0,897.45,48,4.6,UPI,Delivered
FD000602,2025-10-12,C0285,Hyderabad,Sweet Truth,North Indian,4,1398.17,55,0.0,1453.17,49,4.3,Cash,Delivered
FD000603,2025-09-27,C0034,Delhi,Urban Tadka,Chinese,2,829.88,55,41.49,0.0,37,4.5,Credit Card,Cancelled
FD000604,2025-02-19,C0352,Hyderabad,Urban Tadka,Desserts,1,220.88,55,22.09,253.79,31,4.8,Credit Card,Delivered
FD000605,2025-10-29,C0165,Kolkata,Spice Route,North Indian,1,427.73,35,21.39,441.34,41,4.0,Debit Card,Delivered
FD000606,2025-07-15,C0178,Delhi,Dosa Corner,Healthy,4,1062.8,25,106.28,981.52,31,5.0,Credit Card,Delivered
FD000607,2025-04-28,C0655,Ahmedabad,The Biryani House,Pizza,4,1749.25,35,262.39,1521.86,12,4.6,Credit Card,Delivered
FD000608,2025-07-07,C0113,Bengaluru,Burger Lab,Pizza,1,542.86,65,0.0,607.86,41,4.3,Debit Card,Delivered
FD000609,2025-12-19,C0097,Mumbai,Wok & Roll,Pizza,4,1997.42,65,299.61,0.0,45,4.1,Cash,Cancelled
FD000610,2025-11-10,C0257,Pune,Wok & Roll,Pizza,1,499.6,55,0.0,0.0,51,3.9,UPI,Cancelled
FD000611,2025-11-01,C0019,Bengaluru,Urban Tadka,Chinese,1,349.96,25,17.5,357.46,25,4.5,Wallet,Delivered
FD000612,2025-06-18,C0696,Mumbai,The Biryani House,Healthy,2,588.74,25,0.0,613.74,37,4.1,UPI,Delivered
FD000613,2025-10-14,C0790,Delhi,Wok & Roll,Healthy,2,756.91,55,0.0,0.0,37,4.8,UPI,Cancelled
FD000614,2025-05-21,C0645,Ahmedabad,Spice Route,Chinese,4,1647.73,25,0.0,1672.73,35,4.0,UPI,Delivered
FD000615,2025-09-08,C0640,Pune,Pizza District,South Indian,3,619.63,45,0.0,664.63,35,4.8,UPI,Delivered
FD000616,2025-08-22,C0082,Hyderabad,Burger Lab,North Indian,1,463.62,35,69.54,0.0,34,4.7,UPI,Cancelled
FD000617,2025-04-02,C0444,Chennai,Pizza District,Healthy,3,1001.52,35,50.08,986.44,37,4.2,Cash,Delivered
FD000618,2025-04-08,C0071,Mumbai,Pizza District,Pizza,4,1802.69,45,270.4,1577.29,43,4.4,Credit Card,Delivered
FD000619,2025-01-23,C0241,Hyderabad,Dosa Corner,Chinese,3,1093.47,65,54.67,1103.8,49,4.0,Wallet,Delivered
FD000620,2025-02-21,C0395,Chennai,Wok & Roll,North Indian,1,431.67,55,43.17,443.5,25,4.3,UPI,Delivered
FD000621,2025-06-08,C0546,Bengaluru,Burger Lab,Pizza,1,458.48,35,0.0,493.48,32,4.1,Credit Card,Delivered
FD000622,2025-06-24,C0222,Hyderabad,Spice Route,Burgers,2,628.69,35,31.43,632.26,29,4.8,UPI,Delivered
FD000623,2025-03-02,C0205,Mumbai,Sweet Truth,Healthy,2,699.07,55,34.95,0.0,27,4.8,Credit Card,Cancelled
FD000624,2025-06-02,C0659,Hyderabad,Dosa Corner,Healthy,2,572.87,45,85.93,0.0,15,5.0,UPI,Cancelled
FD000625,2025-08-09,C0180,Mumbai,Dosa Corner,North Indian,1,464.61,35,69.69,429.92,34,4.3,Debit Card,Delivered
FD000626,2025-03-26,C0389,Hyderabad,Burger Lab,Desserts,1,192.43,45,0.0,237.43,40,4.2,Debit Card,Delivered
FD000627,2025-05-04,C0230,Delhi,Wok & Roll,Pizza,3,1398.98,35,139.9,1294.08,32,4.4,UPI,Delivered
FD000628,2025-05-15,C0683,Hyderabad,Wok & Roll,Pizza,4,2068.52,25,206.85,0.0,34,3.8,UPI,Cancelled
FD000629,2025-07-04,C0428,Kolkata,Wok & Roll,Chinese,3,1184.58,55,118.46,1121.12,39,4.3,UPI,Delivered
FD000630,2025-05-14,C0087,Hyderabad,Pizza District,Chinese,2,741.31,45,0.0,786.31,51,4.2,UPI,Delivered
FD000631,2025-09-26,C0119,Mumbai,Burger Lab,Chinese,4,1602.95,25,160.3,1467.65,29,4.6,Debit Card,Delivered
FD000632,2025-04-30,C0777,Bengaluru,The Biryani House,South Indian,3,831.47,35,83.15,783.32,20,5.0,Credit Card,Delivered
FD000633,2025-06-08,C0753,Bengaluru,Dosa Corner,Burgers,3,1019.8,65,0.0,0.0,33,4.1,Cash,Cancelled
FD000634,2025-05-19,C0614,Chennai,The Biryani House,Desserts,3,685.4,45,34.27,0.0,57,3.6,Wallet,Cancelled
FD000635,2025-03-08,C0063,Kolkata,Pizza District,Pizza,4,1748.12,45,0.0,1793.12,20,4.8,UPI,Delivered
FD000636,2025-09-08,C0586,Kolkata,Spice Route,Pizza,3,1398.99,25,209.85,1214.14,42,4.3,Cash,Delivered
FD000637,2025-03-27,C0529,Bengaluru,Sweet Truth,Biryani,3,1075.97,65,0.0,1140.97,48,3.4,Debit Card,Delivered
FD000638,2025-04-19,C0753,Hyderabad,Burger Lab,Biryani,3,872.63,55,0.0,927.63,12,5.0,UPI,Delivered
FD000639,2025-10-17,C0390,Delhi,Urban Tadka,North Indian,4,1753.41,45,0.0,1798.41,39,4.4,Cash,Delivered
FD000640,2025-12-13,C0377,Mumbai,Spice Route,Burgers,4,1139.44,35,170.92,1003.52,41,3.5,Credit Card,Delivered
FD000641,2025-09-02,C0507,Bengaluru,Dosa Corner,Pizza,2,882.86,45,88.29,839.57,31,4.5,Debit Card,Delivered
FD000642,2025-12-01,C0120,Pune,Spice Route,Desserts,3,554.9,55,0.0,0.0,26,4.4,Debit Card,Cancelled
FD000643,2025-11-08,C0597,Mumbai,Pizza District,Chinese,1,348.16,55,0.0,403.16,27,4.5,Cash,Delivered
FD000644,2025-06-25,C0398,Delhi,Spice Route,Biryani,3,989.87,65,98.99,955.88,30,4.1,Debit Card,Delivered
FD000645,2025-10-09,C0151,Bengaluru,Burger Lab,Pizza,4,2000.31,45,100.02,1945.29,30,4.7,Cash,Delivered
FD000646,2025-04-30,C0653,Chennai,Urban Tadka,Biryani,3,1087.84,35,0.0,1122.84,28,5.0,UPI,Delivered
FD000647,2025-06-18,C0212,Hyderabad,Pizza District,South Indian,2,436.54,35,87.31,384.23,30,4.6,Wallet,Delivered
FD000648,2025-07-15,C0688,Pune,Wok & Roll,Pizza,3,1282.71,55,0.0,1337.71,48,3.3,Debit Card,Delivered
FD000649,2025-12-17,C0219,Hyderabad,The Biryani House,Biryani,2,789.81,35,39.49,785.32,19,4.9,Debit Card,Delivered
FD000650,2025-11-06,C0391,Pune,Burger Lab,Biryani,2,594.66,35,0.0,629.66,13,4.9,Cash,Delivered
FD000651,2025-06-28,C0350,Pune,Wok & Roll,Chinese,1,381.09,45,38.11,387.98,48,3.7,UPI,Delivered
FD000652,2025-08-27,C0586,Pune,Pizza District,Biryani,3,1062.7,35,106.27,991.43,32,4.6,UPI,Delivered
FD000653,2025-03-15,C0149,Hyderabad,The Biryani House,North Indian,1,408.91,55,20.45,0.0,29,4.9,Cash,Cancelled
FD000654,2025-10-21,C0198,Bengaluru,Pizza District,Biryani,2,805.58,25,80.56,750.02,33,4.2,Wallet,Delivered
FD000655,2025-07-21,C0154,Chennai,The Biryani House,Chinese,4,1588.13,35,238.22,1384.91,37,3.8,Debit Card,Delivered
FD000656,2025-07-14,C0185,Mumbai,Wok & Roll,Burgers,4,1439.82,35,215.97,1258.85,28,3.9,Credit Card,Delivered
FD000657,2025-10-07,C0363,Kolkata,Dosa Corner,Burgers,2,696.28,45,34.81,706.47,40,4.1,UPI,Delivered
FD000658,2025-08-20,C0470,Chennai,Wok & Roll,Biryani,4,1254.24,55,62.71,0.0,22,4.7,Credit Card,Cancelled
FD000659,2025-01-27,C0691,Kolkata,Spice Route,Desserts,1,183.57,35,27.54,191.03,30,4.4,UPI,Delivered
FD000660,2025-04-16,C0338,Hyderabad,Dosa Corner,North Indian,4,1497.55,35,0.0,1532.55,12,4.8,Cash,Delivered
FD000661,2025-03-06,C0328,Chennai,Dosa Corner,Biryani,2,674.14,25,0.0,699.14,48,4.3,Credit Card,Delivered
FD000662,2025-09-26,C0129,Hyderabad,Dosa Corner,Biryani,4,1434.19,45,0.0,0.0,32,4.7,UPI,Cancelled
FD000663,2025-01-13,C0080,Pune,Spice Route,North Indian,4,1429.97,65,214.5,1280.47,42,4.3,Credit Card,Delivered
FD000664,2025-03-15,C0610,Hyderabad,Dosa Corner,Chinese,3,1018.22,55,0.0,1073.22,40,4.6,Wallet,Delivered
FD000665,2025-08-07,C0507,Bengaluru,Pizza District,Biryani,3,1007.17,35,0.0,1042.17,41,4.0,Credit Card,Delivered
FD000666,2025-09-11,C0426,Pune,Dosa Corner,Pizza,3,1536.92,45,153.69,1428.23,34,4.1,UPI,Delivered
FD000667,2025-07-03,C0356,Mumbai,Dosa Corner,South Indian,1,257.62,35,0.0,292.62,39,4.1,Credit Card,Delivered
FD000668,2025-11-11,C0417,Hyderabad,Sweet Truth,South Indian,1,283.83,25,0.0,308.83,22,4.5,Credit Card,Delivered
FD000669,2025-12-02,C0677,Hyderabad,Spice Route,Chinese,2,673.09,25,33.65,664.44,20,4.1,UPI,Delivered
FD000670,2025-02-18,C0152,Mumbai,Wok & Roll,Healthy,2,621.25,25,0.0,646.25,33,4.3,Debit Card,Delivered
FD000671,2025-12-14,C0400,Bengaluru,Burger Lab,Chinese,3,1337.79,25,267.56,1095.23,26,5.0,UPI,Delivered
FD000672,2025-08-13,C0193,Hyderabad,Wok & Roll,Pizza,2,1031.16,55,0.0,1086.16,51,4.3,Credit Card,Delivered
FD000673,2025-08-21,C0084,Mumbai,Dosa Corner,Burgers,3,947.72,35,142.16,0.0,39,4.5,Credit Card,Cancelled
FD000674,2025-02-04,C0555,Bengaluru,Burger Lab,Burgers,1,309.83,55,15.49,0.0,25,4.7,Credit Card,Cancelled
FD000675,2025-08-15,C0564,Mumbai,Spice Route,Pizza,1,403.74,65,0.0,468.74,31,5.0,Credit Card,Delivered
FD000676,2025-09-22,C0682,Chennai,Urban Tadka,Biryani,4,1615.27,45,0.0,1660.27,36,4.0,Debit Card,Delivered
FD000677,2025-07-31,C0018,Hyderabad,Burger Lab,Burgers,4,1278.98,35,63.95,1250.03,33,4.1,UPI,Delivered
FD000678,2025-01-31,C0142,Hyderabad,The Biryani House,South Indian,4,988.09,55,49.4,993.69,37,4.8,UPI,Delivered
FD000679,2025-07-10,C0460,Bengaluru,The Biryani House,Biryani,2,713.51,25,0.0,738.51,35,4.4,Debit Card,Delivered
FD000680,2025-12-08,C0650,Hyderabad,Sweet Truth,Burgers,3,878.3,35,175.66,0.0,17,4.6,Cash,Cancelled
FD000681,2025-09-22,C0753,Bengaluru,Spice Route,South Indian,3,654.52,35,32.73,656.79,12,5.0,UPI,Delivered
FD000682,2025-02-20,C0631,Kolkata,Wok & Roll,South Indian,2,527.47,55,79.12,503.35,30,4.4,UPI,Delivered
FD000683,2025-12-17,C0724,Pune,The Biryani House,Desserts,3,612.71,55,0.0,667.71,41,4.0,Wallet,Delivered
FD000684,2025-12-16,C0652,Chennai,Spice Route,North Indian,3,982.82,55,0.0,1037.82,30,4.2,UPI,Delivered
FD000685,2025-03-03,C0253,Mumbai,The Biryani House,South Indian,2,462.64,45,46.26,461.38,49,4.2,Wallet,Delivered
FD000686,2025-10-20,C0466,Mumbai,Pizza District,Biryani,2,817.01,45,0.0,862.01,33,4.5,Cash,Delivered
FD000687,2025-05-29,C0509,Pune,Pizza District,Burgers,2,581.37,55,0.0,636.37,50,4.6,UPI,Delivered
FD000688,2025-08-05,C0282,Bengaluru,Urban Tadka,Chinese,4,1467.2,55,0.0,1522.2,48,4.0,UPI,Delivered
FD000689,2025-06-12,C0709,Bengaluru,Burger Lab,Pizza,4,2014.24,35,0.0,2049.24,47,4.0,Wallet,Delivered
FD000690,2025-10-13,C0617,Bengaluru,The Biryani House,Biryani,4,1566.49,65,156.65,1474.84,20,5.0,UPI,Delivered
FD000691,2025-12-30,C0414,Hyderabad,Wok & Roll,Pizza,4,2046.64,55,0.0,2101.64,34,4.8,Credit Card,Delivered
FD000692,2025-10-18,C0384,Bengaluru,Wok & Roll,Burgers,2,691.36,45,138.27,598.09,49,4.1,UPI,Delivered
FD000693,2025-12-06,C0635,Kolkata,Wok & Roll,Burgers,4,1042.65,25,0.0,1067.65,37,3.8,Credit Card,Delivered
FD000694,2025-12-12,C0178,Kolkata,Wok & Roll,Biryani,1,407.97,35,20.4,422.57,41,4.0,Cash,Delivered
FD000695,2025-02-02,C0175,Hyderabad,The Biryani House,North Indian,4,1834.16,55,91.71,1797.45,17,4.5,Debit Card,Delivered
FD000696,2025-04-03,C0322,Chennai,Pizza District,Healthy,2,652.19,25,32.61,644.58,57,3.9,UPI,Delivered
FD000697,2025-09-21,C0103,Chennai,Wok & Roll,Pizza,2,1007.41,35,151.11,0.0,25,4.5,Credit Card,Cancelled
FD000698,2025-08-04,C0367,Mumbai,Spice Route,Healthy,1,288.57,45,43.29,0.0,12,5.0,Debit Card,Cancelled
FD000699,2025-01-19,C0346,Mumbai,Burger Lab,Biryani,1,344.58,55,0.0,0.0,30,4.0,UPI,Cancelled
FD000700,2025-02-04,C0405,Hyderabad,Pizza District,Healthy,2,574.66,55,28.73,600.93,12,4.6,Debit Card,Delivered
FD000701,2025-07-09,C0370,Kolkata,The Biryani House,Healthy,3,795.58,55,119.34,731.24,21,4.9,Credit Card,Delivered
FD000702,2025-08-13,C0719,Ahmedabad,Spice Route,Biryani,1,415.46,35,0.0,450.46,65,3.9,UPI,Delivered
FD000703,2025-03-03,C0220,Delhi,The Biryani House,Desserts,4,739.82,25,36.99,727.83,29,3.7,Wallet,Delivered
FD000704,2025-03-04,C0329,Delhi,Pizza District,Healthy,1,335.16,45,0.0,0.0,17,4.3,Credit Card,Cancelled
FD000705,2025-02-17,C0591,Mumbai,Dosa Corner,North Indian,4,1470.75,25,73.54,1422.21,34,4.4,UPI,Delivered
FD000706,2025-07-26,C0228,Bengaluru,Burger Lab,Healthy,2,615.8,45,30.79,630.01,23,5.0,UPI,Delivered
FD000707,2025-01-03,C0526,Hyderabad,Pizza District,Chinese,2,729.16,65,36.46,757.7,44,4.9,UPI,Delivered
FD000708,2025-07-28,C0770,Mumbai,Urban Tadka,Biryani,1,329.56,45,49.43,0.0,23,4.6,UPI,Cancelled
FD000709,2025-06-23,C0301,Hyderabad,The Biryani House,North Indian,4,1673.71,45,83.69,0.0,37,4.3,UPI,Cancelled
FD000710,2025-06-20,C0194,Pune,Sweet Truth,South Indian,3,847.34,45,127.1,0.0,20,4.5,Debit Card,Cancelled
FD000711,2025-09-05,C0153,Chennai,Urban Tadka,South Indian,1,234.01,55,23.4,0.0,65,3.9,Debit Card,Cancelled
FD000712,2025-07-10,C0009,Chennai,Burger Lab,Burgers,1,359.92,35,18.0,376.92,40,4.8,UPI,Delivered
FD000713,2025-09-23,C0228,Bengaluru,Wok & Roll,Chinese,3,1209.99,35,60.5,0.0,32,4.9,Debit Card,Cancelled
FD000714,2025-10-06,C0680,Ahmedabad,Urban Tadka,Biryani,4,1463.0,25,73.15,0.0,30,4.5,Debit Card,Cancelled
FD000715,2025-12-02,C0204,Hyderabad,Dosa Corner,Desserts,1,183.26,45,27.49,200.77,27,4.3,Credit Card,Delivered
FD000716,2025-10-19,C0764,Hyderabad,Pizza District,Biryani,1,293.37,35,0.0,328.37,25,4.7,Wallet,Delivered
FD000717,2025-07-08,C0763,Hyderabad,Burger Lab,South Indian,3,817.58,45,122.64,739.94,25,5.0,UPI,Delivered
FD000718,2025-06-29,C0546,Delhi,Spice Route,North Indian,1,408.88,55,40.89,422.99,54,3.8,UPI,Delivered
FD000719,2025-03-28,C0785,Ahmedabad,Sweet Truth,Burgers,2,590.73,25,59.07,556.66,27,4.0,UPI,Delivered
FD000720,2025-08-07,C0327,Bengaluru,Spice Route,Chinese,1,424.02,45,21.2,447.82,12,4.9,UPI,Delivered
FD000721,2025-02-20,C0766,Kolkata,The Biryani House,Pizza,2,893.05,25,89.31,0.0,20,4.7,Credit Card,Cancelled
FD000722,2025-12-06,C0436,Bengaluru,Sweet Truth,Healthy,3,1075.48,35,107.55,1002.93,45,3.5,UPI,Delivered
FD000723,2025-11-05,C0065,Delhi,Burger Lab,Desserts,2,380.51,25,38.05,367.46,31,4.6,Credit Card,Delivered
FD000724,2025-02-13,C0666,Hyderabad,Burger Lab,Burgers,2,707.72,25,0.0,732.72,32,4.7,Cash,Delivered
FD000725,2025-10-14,C0761,Mumbai,The Biryani House,Biryani,2,641.28,65,64.13,642.15,48,4.8,Debit Card,Delivered
FD000726,2025-02-12,C0709,Delhi,Dosa Corner,Pizza,3,1245.1,65,62.26,1247.84,25,4.2,Debit Card,Delivered
FD000727,2025-09-21,C0334,Mumbai,Sweet Truth,Burgers,1,328.13,45,32.81,0.0,42,4.5,Debit Card,Cancelled
FD000728,2025-02-02,C0083,Bengaluru,Wok & Roll,Healthy,1,282.45,45,14.12,313.33,26,5.0,Debit Card,Delivered
FD000729,2025-06-28,C0469,Pune,Urban Tadka,Desserts,1,238.1,55,0.0,293.1,41,4.5,Credit Card,Delivered
FD000730,2025-08-29,C0695,Ahmedabad,Sweet Truth,Pizza,4,2037.24,55,203.72,0.0,29,4.2,UPI,Cancelled
FD000731,2025-09-24,C0673,Chennai,Spice Route,North Indian,3,1071.73,45,53.59,1063.14,31,4.2,UPI,Delivered
FD000732,2025-06-02,C0494,Delhi,Sweet Truth,Burgers,1,271.62,25,27.16,0.0,44,4.2,UPI,Cancelled
FD000733,2025-12-03,C0630,Pune,Spice Route,North Indian,2,923.09,45,92.31,875.78,43,4.3,Credit Card,Delivered
FD000734,2025-10-10,C0026,Bengaluru,Spice Route,Pizza,2,1001.26,65,100.13,0.0,32,4.3,Credit Card,Cancelled
FD000735,2025-03-18,C0499,Kolkata,Spice Route,South Indian,1,276.33,35,27.63,283.7,28,5.0,UPI,Delivered
FD000736,2025-09-02,C0087,Bengaluru,Urban Tadka,Healthy,4,1104.01,35,0.0,1139.01,53,3.8,UPI,Delivered
FD000737,2025-09-24,C0600,Pune,Burger Lab,Pizza,4,2233.69,35,0.0,2268.69,41,3.6,Debit Card,Delivered
FD000738,2025-05-02,C0037,Hyderabad,Pizza District,South Indian,1,242.32,35,24.23,253.09,29,4.5,UPI,Delivered
FD000739,2025-09-27,C0476,Bengaluru,Spice Route,Healthy,1,344.38,45,0.0,0.0,26,4.8,UPI,Cancelled
FD000740,2025-11-24,C0759,Mumbai,The Biryani House,Biryani,2,669.18,35,0.0,704.18,46,4.3,UPI,Delivered
FD000741,2025-10-26,C0090,Mumbai,Sweet Truth,Biryani,3,878.6,65,0.0,943.6,35,4.5,UPI,Delivered
FD000742,2025-10-06,C0342,Kolkata,Wok & Roll,South Indian,4,1128.7,55,0.0,1183.7,32,5.0,Debit Card,Delivered
FD000743,2025-08-20,C0033,Ahmedabad,Burger Lab,Pizza,2,1142.03,25,228.41,938.62,35,4.0,UPI,Delivered
FD000744,2025-04-09,C0573,Hyderabad,The Biryani House,Biryani,2,666.97,55,0.0,721.97,38,4.2,UPI,Delivered
FD000745,2025-10-18,C0741,Bengaluru,Wok & Roll,Burgers,1,356.52,55,0.0,411.52,33,5.0,Wallet,Delivered
FD000746,2025-05-13,C0002,Bengaluru,Dosa Corner,Desserts,1,177.91,45,26.69,196.22,48,3.4,Credit Card,Delivered
FD000747,2025-07-14,C0437,Chennai,Burger Lab,Pizza,1,418.15,35,83.63,369.52,49,4.1,Credit Card,Delivered
FD000748,2025-04-25,C0635,Mumbai,Spice Route,Pizza,2,806.61,55,0.0,0.0,40,4.7,Debit Card,Cancelled
FD000749,2025-04-25,C0021,Kolkata,Wok & Roll,North Indian,3,1144.16,35,171.62,0.0,50,4.5,UPI,Cancelled
FD000750,2025-02-27,C0386,Pune,Dosa Corner,Chinese,1,315.01,25,0.0,340.01,34,4.7,UPI,Delivered
FD000751,2025-12-17,C0104,Hyderabad,Urban Tadka,North Indian,1,381.9,35,38.19,378.71,42,4.5,UPI,Delivered
FD000752,2025-02-23,C0739,Chennai,Pizza District,Burgers,4,1053.94,35,0.0,0.0,46,3.8,UPI,Cancelled
FD000753,2025-02-01,C0408,Mumbai,Burger Lab,Healthy,4,1407.96,45,70.4,0.0,46,4.6,UPI,Cancelled
FD000754,2025-12-08,C0417,Chennai,Spice Route,South Indian,3,812.51,25,0.0,0.0,45,3.8,Credit Card,Cancelled
FD000755,2025-07-22,C0798,Hyderabad,Burger Lab,Biryani,3,1129.44,45,112.94,1061.5,42,3.9,UPI,Delivered
FD000756,2025-06-09,C0632,Chennai,Dosa Corner,North Indian,3,1058.02,35,0.0,1093.02,57,4.0,UPI,Delivered
FD000757,2025-09-27,C0252,Chennai,Wok & Roll,Burgers,2,672.14,55,33.61,693.53,28,4.4,Credit Card,Delivered
FD000758,2025-05-20,C0504,Hyderabad,Pizza District,Biryani,1,318.18,35,31.82,321.36,32,4.6,Credit Card,Delivered
FD000759,2025-02-16,C0238,Pune,Spice Route,Biryani,2,772.02,65,0.0,837.02,31,4.7,Credit Card,Delivered
FD000760,2025-09-24,C0417,Bengaluru,Burger Lab,South Indian,3,739.9,55,110.98,683.92,30,5.0,UPI,Delivered
FD000761,2025-03-06,C0650,Mumbai,Sweet Truth,Biryani,3,1001.32,25,50.07,976.25,12,5.0,Debit Card,Delivered
FD000762,2025-07-21,C0759,Mumbai,Sweet Truth,Pizza,3,1215.59,45,0.0,0.0,50,3.8,Cash,Cancelled
FD000763,2025-12-13,C0762,Kolkata,Wok & Roll,Biryani,3,1185.18,25,0.0,1210.18,22,5.0,Credit Card,Delivered
FD000764,2025-12-08,C0397,Hyderabad,Spice Route,Burgers,1,356.03,55,0.0,411.03,36,4.1,Cash,Delivered
FD000765,2025-05-12,C0717,Hyderabad,The Biryani House,Burgers,3,973.24,45,0.0,1018.24,17,5.0,UPI,Delivered
FD000766,2025-10-12,C0714,Bengaluru,The Biryani House,Chinese,4,1783.65,35,89.18,1729.47,41,4.3,UPI,Delivered
FD000767,2025-08-12,C0438,Chennai,Spice Route,Pizza,3,1680.02,35,168.0,1547.02,25,4.8,UPI,Delivered
FD000768,2025-06-24,C0029,Bengaluru,Spice Route,Biryani,3,932.65,35,46.63,0.0,20,4.2,Credit Card,Cancelled
FD000769,2025-02-21,C0096,Pune,Wok & Roll,South Indian,1,261.54,55,13.08,303.46,36,3.6,Cash,Delivered
FD000770,2025-05-18,C0526,Bengaluru,Spice Route,Burgers,4,1151.38,55,115.14,1091.24,26,4.1,UPI,Delivered
FD000771,2025-08-26,C0665,Hyderabad,Spice Route,South Indian,2,478.73,25,0.0,503.73,27,5.0,UPI,Delivered
FD000772,2025-12-27,C0730,Chennai,Sweet Truth,Biryani,2,611.75,35,61.18,585.57,36,4.0,Cash,Delivered
FD000773,2025-01-02,C0195,Pune,Wok & Roll,Biryani,2,829.29,35,124.39,739.9,44,4.5,UPI,Delivered
FD000774,2025-09-19,C0720,Kolkata,Dosa Corner,Pizza,1,522.16,45,0.0,567.16,24,4.5,Debit Card,Delivered
FD000775,2025-11-05,C0662,Delhi,Urban Tadka,Burgers,4,1113.31,25,111.33,1026.98,22,4.7,UPI,Delivered
FD000776,2025-12-14,C0389,Mumbai,The Biryani House,Burgers,3,871.21,35,130.68,775.53,34,4.4,Wallet,Delivered
FD000777,2025-06-04,C0300,Delhi,Wok & Roll,North Indian,2,772.17,55,38.61,788.56,40,4.9,UPI,Delivered
FD000778,2025-02-13,C0378,Delhi,Burger Lab,Burgers,4,1335.36,35,267.07,0.0,52,4.2,Debit Card,Cancelled
FD000779,2025-04-09,C0541,Bengaluru,The Biryani House,Chinese,1,440.34,45,0.0,485.34,21,4.9,Credit Card,Delivered
FD000780,2025-11-07,C0649,Mumbai,Sweet Truth,Chinese,2,707.25,35,70.73,671.52,30,5.0,Wallet,Delivered
FD000781,2025-11-17,C0138,Pune,Burger Lab,Biryani,3,1043.53,35,0.0,1078.53,48,3.9,Wallet,Delivered
FD000782,2025-08-21,C0269,Bengaluru,Urban Tadka,Chinese,1,392.63,45,0.0,437.63,58,4.2,Debit Card,Delivered
FD000783,2025-02-14,C0097,Delhi,Spice Route,Pizza,3,1384.77,35,276.95,0.0,22,5.0,UPI,Cancelled
FD000784,2025-02-14,C0750,Mumbai,Spice Route,Burgers,4,1222.93,35,0.0,1257.93,25,5.0,Credit Card,Delivered
FD000785,2025-06-24,C0326,Mumbai,Dosa Corner,Biryani,3,897.18,65,179.44,0.0,39,4.3,Cash,Cancelled
FD000786,2025-08-03,C0201,Hyderabad,Dosa Corner,Desserts,1,177.91,55,17.79,215.12,27,4.5,Debit Card,Delivered
FD000787,2025-01-12,C0163,Delhi,Pizza District,Healthy,3,934.9,45,140.24,0.0,25,4.4,Cash,Cancelled
FD000788,2025-09-08,C0060,Kolkata,Burger Lab,Biryani,2,813.37,25,162.67,675.7,37,4.1,Debit Card,Delivered
FD000789,2025-07-18,C0378,Hyderabad,Sweet Truth,Chinese,3,1072.9,25,107.29,0.0,53,3.7,UPI,Cancelled
FD000790,2025-01-05,C0618,Chennai,Urban Tadka,Desserts,3,552.7,25,110.54,0.0,18,5.0,UPI,Cancelled
FD000791,2025-02-04,C0259,Hyderabad,Sweet Truth,Pizza,1,525.2,65,52.52,537.68,52,3.9,UPI,Delivered
FD000792,2025-06-15,C0324,Hyderabad,Pizza District,Desserts,1,238.08,55,11.9,281.18,27,4.8,Debit Card,Delivered
FD000793,2025-09-21,C0510,Ahmedabad,Pizza District,South Indian,1,236.78,45,23.68,258.1,38,4.5,Credit Card,Delivered
FD000794,2025-10-29,C0285,Mumbai,Urban Tadka,Healthy,1,263.55,65,0.0,328.55,53,3.6,UPI,Delivered
FD000795,2025-06-07,C0592,Bengaluru,Burger Lab,Healthy,2,693.6,25,0.0,718.6,38,4.0,Debit Card,Delivered
FD000796,2025-04-18,C0257,Bengaluru,Wok & Roll,Biryani,1,340.2,45,0.0,0.0,30,4.5,UPI,Cancelled
FD000797,2025-12-20,C0357,Ahmedabad,Spice Route,Burgers,4,1301.22,25,65.06,1261.16,43,4.0,UPI,Delivered
FD000798,2025-06-17,C0785,Bengaluru,Burger Lab,Chinese,4,1389.41,35,0.0,0.0,32,4.2,Credit Card,Cancelled
FD000799,2025-04-26,C0669,Delhi,Urban Tadka,Biryani,1,285.32,65,14.27,336.05,40,4.9,Credit Card,Delivered
FD000800,2025-06-11,C0458,Bengaluru,The Biryani House,Pizza,2,905.4,55,90.54,869.86,32,4.0,UPI,Delivered
FD000801,2025-01-05,C0314,Hyderabad,Wok & Roll,Healthy,3,1046.51,25,104.65,966.86,44,4.9,Debit Card,Delivered
FD000802,2025-04-21,C0794,Delhi,Dosa Corner,Biryani,3,1011.85,35,151.78,0.0,17,5.0,Cash,Cancelled
FD000803,2025-07-08,C0371,Hyderabad,Urban Tadka,Burgers,3,818.44,45,163.69,0.0,22,5.0,Debit Card,Cancelled
FD000804,2025-12-02,C0275,Delhi,Pizza District,North Indian,4,1569.33,25,235.4,1358.93,17,5.0,Wallet,Delivered
FD000805,2025-09-27,C0477,Bengaluru,The Biryani House,Pizza,3,1580.78,45,158.08,1467.7,33,4.7,UPI,Delivered
FD000806,2025-10-13,C0332,Pune,Burger Lab,Burgers,3,783.88,45,0.0,828.88,16,5.0,UPI,Delivered
FD000807,2025-07-18,C0712,Pune,Dosa Corner,Healthy,3,1041.72,35,156.26,0.0,26,4.3,UPI,Cancelled
FD000808,2025-02-10,C0170,Delhi,Burger Lab,Burgers,3,973.73,35,0.0,1008.73,21,4.7,Debit Card,Delivered
FD000809,2025-05-23,C0041,Hyderabad,Dosa Corner,Biryani,2,668.62,35,0.0,0.0,52,3.7,UPI,Cancelled
FD000810,2025-12-30,C0345,Delhi,Pizza District,Biryani,3,1242.16,65,0.0,1307.16,22,4.2,Wallet,Delivered
FD000811,2025-01-17,C0759,Ahmedabad,Wok & Roll,Healthy,4,1488.41,35,148.84,0.0,19,4.6,Credit Card,Cancelled
FD000812,2025-11-17,C0050,Bengaluru,The Biryani House,Pizza,2,895.08,45,89.51,850.57,37,5.0,Cash,Delivered
FD000813,2025-09-07,C0647,Bengaluru,Sweet Truth,Chinese,1,311.96,35,0.0,346.96,54,3.9,Credit Card,Delivered
FD000814,2025-04-14,C0001,Pune,Urban Tadka,Biryani,3,978.01,45,97.8,0.0,33,5.0,Debit Card,Cancelled
FD000815,2025-10-11,C0447,Hyderabad,Sweet Truth,Burgers,4,1084.58,25,0.0,1109.58,34,5.0,Credit Card,Delivered
FD000816,2025-11-02,C0363,Delhi,Burger Lab,Healthy,4,1318.15,25,0.0,1343.15,49,5.0,Credit Card,Delivered
FD000817,2025-01-16,C0128,Pune,Sweet Truth,Chinese,3,1318.02,45,0.0,1363.02,45,4.8,Debit Card,Delivered
FD000818,2025-02-08,C0597,Hyderabad,Burger Lab,Healthy,4,1476.47,45,0.0,1521.47,39,5.0,UPI,Delivered
FD000819,2025-08-31,C0141,Mumbai,The Biryani House,Pizza,2,891.32,35,89.13,837.19,27,4.7,Cash,Delivered
FD000820,2025-12-31,C0350,Mumbai,The Biryani House,Chinese,2,738.01,35,0.0,0.0,39,4.4,Debit Card,Cancelled
FD000821,2025-01-09,C0447,Bengaluru,Urban Tadka,North Indian,2,656.0,65,0.0,721.0,18,5.0,Debit Card,Delivered
FD000822,2025-08-31,C0415,Kolkata,Sweet Truth,Burgers,2,620.7,25,0.0,645.7,27,4.6,UPI,Delivered
FD000823,2025-02-19,C0026,Hyderabad,Spice Route,Pizza,3,1204.6,25,120.46,1109.14,51,4.1,UPI,Delivered
FD000824,2025-08-26,C0357,Chennai,Dosa Corner,North Indian,4,1855.04,35,371.01,1519.03,50,4.3,UPI,Delivered
FD000825,2025-08-16,C0524,Kolkata,Burger Lab,Burgers,2,695.26,35,69.53,660.73,39,4.2,Debit Card,Delivered
FD000826,2025-02-03,C0422,Hyderabad,Urban Tadka,Chinese,1,338.24,45,33.82,349.42,12,4.5,UPI,Delivered
FD000827,2025-09-06,C0585,Pune,Sweet Truth,Healthy,4,1392.69,45,208.9,1228.79,20,4.9,Wallet,Delivered
FD000828,2025-11-24,C0621,Hyderabad,Urban Tadka,Biryani,4,1442.19,45,0.0,1487.19,26,4.4,Wallet,Delivered
FD000829,2025-11-12,C0144,Mumbai,Urban Tadka,Pizza,4,2143.39,45,0.0,2188.39,32,4.3,UPI,Delivered
FD000830,2025-01-11,C0644,Hyderabad,Wok & Roll,Biryani,2,696.52,35,34.83,696.69,19,4.8,Debit Card,Delivered
FD000831,2025-03-31,C0716,Delhi,Spice Route,Burgers,3,808.95,55,0.0,863.95,31,4.4,UPI,Delivered
FD000832,2025-03-29,C0671,Pune,Spice Route,Pizza,3,1519.35,25,75.97,1468.38,55,4.3,UPI,Delivered
FD000833,2025-06-15,C0682,Kolkata,Wok & Roll,South Indian,4,809.22,35,40.46,803.76,39,4.3,UPI,Delivered
FD000834,2025-02-22,C0170,Ahmedabad,Sweet Truth,Biryani,4,1451.0,45,0.0,1496.0,37,4.8,Cash,Delivered
FD000835,2025-11-08,C0522,Delhi,Spice Route,South Indian,4,857.42,35,42.87,849.55,22,4.8,Cash,Delivered
FD000836,2025-10-11,C0367,Pune,Burger Lab,Pizza,2,1029.32,25,51.47,1002.85,14,4.9,UPI,Delivered
FD000837,2025-10-23,C0788,Mumbai,Wok & Roll,Burgers,1,343.14,35,0.0,0.0,19,4.9,UPI,Cancelled
FD000838,2025-03-14,C0665,Kolkata,Spice Route,Pizza,1,409.93,45,61.49,393.44,14,4.5,Credit Card,Delivered
FD000839,2025-01-06,C0130,Delhi,Urban Tadka,South Indian,4,925.7,25,92.57,858.13,35,4.5,Credit Card,Delivered
FD000840,2025-11-29,C0754,Kolkata,Pizza District,Burgers,4,1328.89,45,0.0,1373.89,39,4.6,UPI,Delivered
FD000841,2025-04-16,C0558,Bengaluru,Burger Lab,Burgers,1,266.41,55,0.0,321.41,22,5.0,Cash,Delivered
FD000842,2025-08-28,C0435,Mumbai,Urban Tadka,North Indian,2,815.52,45,0.0,860.52,36,3.9,Wallet,Delivered
FD000843,2025-11-28,C0357,Delhi,Pizza District,Chinese,1,403.91,35,0.0,438.91,52,3.5,UPI,Delivered
FD000844,2025-01-14,C0395,Bengaluru,Pizza District,Pizza,2,909.14,55,0.0,964.14,57,3.7,Cash,Delivered
FD000845,2025-01-02,C0617,Bengaluru,Burger Lab,North Indian,3,1343.14,25,0.0,1368.14,43,4.7,Debit Card,Delivered
FD000846,2025-01-02,C0612,Ahmedabad,Urban Tadka,Pizza,3,1448.82,55,217.32,0.0,32,4.6,Credit Card,Cancelled
FD000847,2025-02-27,C0442,Chennai,Burger Lab,Biryani,2,736.78,45,110.52,671.26,43,4.0,Cash,Delivered
FD000848,2025-01-19,C0794,Hyderabad,Dosa Corner,Chinese,2,655.43,25,65.54,614.89,50,3.5,Credit Card,Delivered
FD000849,2025-10-27,C0186,Bengaluru,Wok & Roll,Biryani,3,864.24,55,86.42,832.82,12,4.8,Credit Card,Delivered
FD000850,2025-08-10,C0341,Chennai,Burger Lab,Pizza,3,1197.71,45,119.77,1122.94,52,3.7,UPI,Delivered
FD000851,2025-12-24,C0479,Delhi,Urban Tadka,Desserts,1,234.6,35,23.46,0.0,27,5.0,Debit Card,Cancelled
FD000852,2025-10-20,C0133,Ahmedabad,Sweet Truth,Biryani,1,402.39,35,60.36,377.03,28,5.0,UPI,Delivered
FD000853,2025-12-18,C0400,Ahmedabad,The Biryani House,Desserts,2,454.37,45,45.44,453.93,30,4.2,UPI,Delivered
FD000854,2025-03-29,C0668,Delhi,Urban Tadka,Healthy,2,573.9,45,57.39,561.51,38,4.6,Credit Card,Delivered
FD000855,2025-04-16,C0541,Delhi,Wok & Roll,Chinese,4,1531.61,55,229.74,1356.87,21,5.0,UPI,Delivered
FD000856,2025-11-07,C0569,Bengaluru,Pizza District,South Indian,4,1069.79,35,106.98,997.81,31,4.1,UPI,Delivered
FD000857,2025-03-31,C0130,Kolkata,Pizza District,South Indian,3,769.18,45,0.0,814.18,40,4.3,UPI,Delivered
FD000858,2025-01-21,C0117,Bengaluru,Dosa Corner,Healthy,1,276.65,45,0.0,321.65,37,4.5,Cash,Delivered
FD000859,2025-09-02,C0354,Hyderabad,Wok & Roll,Pizza,1,552.99,45,27.65,570.34,39,4.4,Credit Card,Delivered
FD000860,2025-10-20,C0259,Ahmedabad,The Biryani House,Biryani,2,612.74,35,0.0,0.0,30,4.0,UPI,Cancelled
FD000861,2025-12-20,C0009,Kolkata,Dosa Corner,Chinese,3,996.46,35,0.0,0.0,42,4.3,Cash,Cancelled
FD000862,2025-12-05,C0443,Bengaluru,Pizza District,Chinese,3,1310.38,55,0.0,1365.38,47,4.3,Cash,Delivered
FD000863,2025-02-13,C0604,Delhi,Sweet Truth,Biryani,1,349.45,35,0.0,384.45,46,4.7,UPI,Delivered
FD000864,2025-10-09,C0586,Chennai,Sweet Truth,South Indian,4,915.73,25,183.15,757.58,39,4.1,Credit Card,Delivered
FD000865,2025-11-05,C0083,Bengaluru,Pizza District,Biryani,2,717.27,45,35.86,0.0,45,4.0,UPI,Cancelled
FD000866,2025-09-12,C0625,Bengaluru,Dosa Corner,Healthy,3,1148.16,35,0.0,1183.16,44,4.1,Credit Card,Delivered
FD000867,2025-10-27,C0305,Hyderabad,Burger Lab,Pizza,1,411.77,25,20.59,416.18,66,3.8,Debit Card,Delivered
FD000868,2025-11-02,C0125,Mumbai,Dosa Corner,Biryani,4,1542.7,25,0.0,1567.7,49,4.1,UPI,Delivered
FD000869,2025-06-12,C0378,Chennai,Pizza District,Biryani,3,988.4,45,98.84,0.0,33,4.7,Credit Card,Cancelled
FD000870,2025-01-15,C0174,Mumbai,Pizza District,Pizza,1,411.3,65,41.13,435.17,23,4.3,UPI,Delivered
FD000871,2025-06-16,C0539,Bengaluru,The Biryani House,Pizza,2,933.58,35,0.0,968.58,31,4.7,Credit Card,Delivered
FD000872,2025-03-15,C0596,Ahmedabad,Wok & Roll,Biryani,2,715.97,25,35.8,705.17,30,4.3,UPI,Delivered
FD000873,2025-02-11,C0581,Delhi,Wok & Roll,Pizza,1,427.49,55,0.0,482.49,40,4.2,Cash,Delivered
FD000874,2025-02-15,C0093,Kolkata,Pizza District,Pizza,4,1855.04,35,185.5,1704.54,26,5.0,Credit Card,Delivered
FD000875,2025-09-12,C0279,Hyderabad,The Biryani House,Burgers,4,1283.68,65,192.55,1156.13,48,3.6,UPI,Delivered
FD000876,2025-07-04,C0399,Delhi,Pizza District,Burgers,4,1256.32,45,188.45,1112.87,17,4.8,Debit Card,Delivered
FD000877,2025-07-17,C0788,Kolkata,Wok & Roll,Pizza,2,1043.23,35,0.0,1078.23,14,4.5,UPI,Delivered
FD000878,2025-09-29,C0437,Bengaluru,Urban Tadka,Pizza,3,1626.68,35,162.67,1499.01,32,4.6,Credit Card,Delivered
FD000879,2025-07-20,C0523,Hyderabad,Burger Lab,Biryani,2,678.83,35,67.88,645.95,24,5.0,Credit Card,Delivered
FD000880,2025-08-18,C0272,Bengaluru,Dosa Corner,Biryani,2,682.51,55,102.38,635.13,19,4.9,UPI,Delivered
FD000881,2025-02-01,C0237,Bengaluru,The Biryani House,Pizza,3,1441.19,25,0.0,1466.19,26,4.6,UPI,Delivered
FD000882,2025-11-07,C0638,Chennai,Pizza District,Desserts,2,417.22,55,20.86,0.0,25,5.0,UPI,Cancelled
FD000883,2025-06-13,C0668,Bengaluru,Spice Route,Healthy,4,1103.08,55,0.0,1158.08,34,4.6,Debit Card,Delivered
FD000884,2025-02-26,C0045,Bengaluru,Wok & Roll,Healthy,1,300.8,55,0.0,0.0,27,4.9,Debit Card,Cancelled
FD000885,2025-10-24,C0432,Delhi,Pizza District,Chinese,1,332.17,55,33.22,353.95,28,4.9,UPI,Delivered
FD000886,2025-09-26,C0622,Hyderabad,Dosa Corner,Chinese,4,1451.48,35,72.57,1413.91,34,3.4,UPI,Delivered
FD000887,2025-01-20,C0127,Bengaluru,Sweet Truth,Pizza,4,2268.6,45,0.0,2313.6,46,4.1,Cash,Delivered
FD000888,2025-03-12,C0517,Delhi,Dosa Corner,Desserts,4,839.48,55,125.92,0.0,52,3.6,UPI,Cancelled
FD000889,2025-01-06,C0379,Hyderabad,Urban Tadka,Desserts,2,396.12,35,19.81,411.31,36,4.1,UPI,Delivered
FD000890,2025-04-09,C0406,Bengaluru,Urban Tadka,North Indian,2,815.35,25,163.07,0.0,37,4.9,Debit Card,Cancelled
FD000891,2025-02-06,C0476,Bengaluru,Pizza District,North Indian,1,423.2,35,42.32,415.88,32,4.4,UPI,Delivered
FD000892,2025-09-17,C0698,Hyderabad,Wok & Roll,Burgers,2,595.47,35,89.32,541.15,40,5.0,Wallet,Delivered
FD000893,2025-07-10,C0070,Chennai,Spice Route,Desserts,3,598.42,55,59.84,0.0,39,3.8,UPI,Cancelled
FD000894,2025-12-24,C0162,Hyderabad,Pizza District,Desserts,2,438.02,35,0.0,473.02,50,3.7,Cash,Delivered
FD000895,2025-10-01,C0277,Bengaluru,Spice Route,Pizza,2,802.15,45,0.0,847.15,12,5.0,UPI,Delivered
FD000896,2025-08-12,C0641,Ahmedabad,The Biryani House,Healthy,1,328.66,65,49.3,344.36,31,4.4,UPI,Delivered
FD000897,2025-07-05,C0474,Kolkata,The Biryani House,Biryani,2,715.59,35,0.0,750.59,38,4.5,UPI,Delivered
FD000898,2025-01-20,C0151,Bengaluru,Spice Route,Healthy,3,1065.61,55,53.28,1067.33,34,4.4,Wallet,Delivered
FD000899,2025-01-26,C0019,Bengaluru,The Biryani House,Desserts,3,721.99,25,72.2,674.79,23,4.7,Credit Card,Delivered
FD000900,2025-08-13,C0793,Chennai,Burger Lab,Biryani,3,1172.51,25,0.0,0.0,18,4.7,UPI,Cancelled
FD000901,2025-01-02,C0111,Kolkata,Sweet Truth,South Indian,4,963.38,25,0.0,988.38,44,4.3,Wallet,Delivered
FD000902,2025-01-16,C0027,Pune,Dosa Corner,Biryani,1,307.54,35,15.38,327.16,25,4.9,UPI,Delivered
FD000903,2025-03-21,C0326,Hyderabad,The Biryani House,Desserts,2,420.59,35,21.03,0.0,13,5.0,UPI,Cancelled
FD000904,2025-11-19,C0443,Hyderabad,Sweet Truth,Desserts,3,687.72,35,68.77,653.95,44,4.1,UPI,Delivered
FD000905,2025-06-17,C0207,Chennai,Pizza District,Chinese,2,882.6,35,0.0,917.6,40,4.2,Cash,Delivered
FD000906,2025-09-16,C0135,Kolkata,The Biryani House,North Indian,4,1786.84,25,89.34,1722.5,33,4.3,UPI,Delivered
FD000907,2025-05-31,C0070,Kolkata,Dosa Corner,Biryani,1,310.13,45,0.0,355.13,23,5.0,UPI,Delivered
FD000908,2025-03-05,C0327,Hyderabad,Pizza District,Pizza,1,519.69,25,51.97,492.72,33,4.7,Wallet,Delivered
FD000909,2025-05-16,C0762,Mumbai,Burger Lab,Burgers,2,698.32,55,0.0,753.32,49,3.4,Credit Card,Delivered
FD000910,2025-02-03,C0119,Hyderabad,Urban Tadka,Biryani,2,751.15,65,0.0,816.15,15,4.2,UPI,Delivered
FD000911,2025-10-09,C0459,Delhi,The Biryani House,Burgers,4,1306.82,45,196.02,1155.8,15,4.6,Credit Card,Delivered
FD000912,2025-03-08,C0156,Kolkata,Sweet Truth,Pizza,2,962.06,45,0.0,1007.06,26,4.7,UPI,Delivered
FD000913,2025-05-18,C0539,Chennai,Urban Tadka,Burgers,2,642.14,45,64.21,0.0,34,4.4,Credit Card,Cancelled
FD000914,2025-12-24,C0049,Hyderabad,Dosa Corner,Burgers,1,281.5,45,0.0,326.5,28,4.8,UPI,Delivered
FD000915,2025-08-05,C0163,Mumbai,Pizza District,North Indian,2,671.73,65,0.0,736.73,42,4.2,Credit Card,Delivered
FD000916,2025-06-17,C0007,Chennai,Sweet Truth,Pizza,3,1621.93,65,0.0,1686.93,47,4.6,Debit Card,Delivered
FD000917,2025-07-18,C0519,Pune,Pizza District,North Indian,3,1393.33,35,209.0,1219.33,37,4.6,UPI,Delivered
FD000918,2025-10-14,C0576,Bengaluru,Pizza District,Burgers,3,1039.39,45,51.97,1032.42,41,4.3,UPI,Delivered
FD000919,2025-04-03,C0138,Kolkata,Pizza District,Pizza,2,901.54,55,0.0,956.54,37,4.8,UPI,Delivered
FD000920,2025-08-21,C0363,Bengaluru,Urban Tadka,Chinese,1,320.92,25,16.05,329.87,34,3.9,Debit Card,Delivered
FD000921,2025-11-15,C0235,Hyderabad,Dosa Corner,Burgers,1,279.86,45,13.99,310.87,18,4.8,Debit Card,Delivered
FD000922,2025-07-28,C0037,Bengaluru,Wok & Roll,Pizza,1,543.4,45,54.34,534.06,22,4.8,Debit Card,Delivered
FD000923,2025-06-12,C0030,Hyderabad,Wok & Roll,Chinese,3,1204.83,45,240.97,1008.86,18,5.0,Wallet,Delivered
FD000924,2025-02-22,C0752,Bengaluru,The Biryani House,Biryani,4,1654.28,35,82.71,1606.57,32,3.9,Cash,Delivered
FD000925,2025-04-01,C0518,Delhi,Dosa Corner,Burgers,4,1148.32,35,57.42,1125.9,37,4.3,Wallet,Delivered
FD000926,2025-12-12,C0533,Hyderabad,The Biryani House,Chinese,2,773.27,25,0.0,798.27,17,5.0,Credit Card,Delivered
FD000927,2025-07-17,C0237,Hyderabad,Urban Tadka,Burgers,1,338.75,45,67.75,316.0,35,4.6,UPI,Delivered
FD000928,2025-04-20,C0212,Hyderabad,Spice Route,North Indian,3,1073.15,55,53.66,1074.49,23,5.0,Credit Card,Delivered
FD000929,2025-06-02,C0636,Hyderabad,Dosa Corner,Pizza,1,565.46,55,0.0,620.46,21,5.0,UPI,Delivered
FD000930,2025-07-30,C0351,Kolkata,Spice Route,Healthy,3,1005.21,35,201.04,839.17,26,4.6,UPI,Delivered
FD000931,2025-07-16,C0082,Ahmedabad,Dosa Corner,Desserts,2,331.22,35,66.24,0.0,21,5.0,UPI,Cancelled
FD000932,2025-09-13,C0392,Hyderabad,Pizza District,Healthy,4,1062.33,55,53.12,1064.21,41,4.2,UPI,Delivered
FD000933,2025-04-04,C0418,Pune,Spice Route,North Indian,3,1365.82,45,0.0,1410.82,32,4.6,Debit Card,Delivered
FD000934,2025-08-25,C0456,Delhi,Sweet Truth,Biryani,3,1112.47,45,111.25,1046.22,44,4.5,UPI,Delivered
FD000935,2025-06-11,C0430,Ahmedabad,Burger Lab,Chinese,2,834.0,35,125.1,0.0,29,4.6,UPI,Cancelled
FD000936,2025-12-10,C0686,Bengaluru,Burger Lab,Biryani,4,1557.1,25,77.85,1504.25,29,4.7,Cash,Delivered
FD000937,2025-02-27,C0196,Bengaluru,Wok & Roll,North Indian,3,1157.34,55,0.0,0.0,56,4.2,Credit Card,Cancelled
FD000938,2025-02-24,C0472,Chennai,Dosa Corner,Chinese,3,1266.3,45,0.0,1311.3,15,5.0,UPI,Delivered
FD000939,2025-06-18,C0711,Kolkata,Urban Tadka,Pizza,2,1121.26,35,0.0,1156.26,49,4.5,UPI,Delivered
FD000940,2025-07-05,C0783,Delhi,Urban Tadka,Healthy,2,567.18,55,0.0,622.18,54,4.8,UPI,Delivered
FD000941,2025-09-10,C0772,Chennai,Wok & Roll,Biryani,4,1546.52,45,154.65,1436.87,43,4.5,Cash,Delivered
FD000942,2025-05-28,C0582,Bengaluru,Burger Lab,Chinese,2,703.34,65,0.0,768.34,30,4.4,UPI,Delivered
FD000943,2025-11-30,C0086,Delhi,Wok & Roll,South Indian,1,224.26,35,11.21,248.05,51,4.2,Wallet,Delivered
FD000944,2025-06-23,C0791,Kolkata,Pizza District,Biryani,2,679.79,35,101.97,612.82,30,4.7,UPI,Delivered
FD000945,2025-02-17,C0026,Chennai,Burger Lab,Chinese,2,862.89,65,43.14,884.75,26,4.9,Debit Card,Delivered
FD000946,2025-02-13,C0441,Delhi,Spice Route,North Indian,2,651.64,65,0.0,716.64,29,5.0,UPI,Delivered
FD000947,2025-12-22,C0358,Chennai,Wok & Roll,Biryani,1,342.71,65,51.41,356.3,27,4.0,Credit Card,Delivered
FD000948,2025-02-18,C0543,Chennai,Pizza District,Chinese,1,405.09,55,0.0,0.0,23,5.0,UPI,Cancelled
FD000949,2025-12-12,C0627,Mumbai,Pizza District,Pizza,2,820.19,35,123.03,732.16,47,4.8,UPI,Delivered
FD000950,2025-04-12,C0591,Pune,Urban Tadka,South Indian,2,534.19,25,0.0,559.19,25,4.9,Wallet,Delivered
FD000951,2025-02-04,C0182,Ahmedabad,Sweet Truth,Biryani,1,410.27,35,20.51,424.76,34,4.7,Debit Card,Delivered
FD000952,2025-04-22,C0604,Chennai,Dosa Corner,Healthy,2,547.28,65,54.73,557.55,17,4.8,UPI,Delivered
FD000953,2025-08-13,C0607,Bengaluru,Sweet Truth,North Indian,2,691.04,35,34.55,691.49,34,4.5,Debit Card,Delivered
FD000954,2025-06-06,C0020,Chennai,Dosa Corner,Biryani,1,414.55,55,20.73,0.0,20,5.0,UPI,Cancelled
FD000955,2025-10-14,C0510,Hyderabad,Burger Lab,Pizza,2,852.02,65,0.0,917.02,20,5.0,Wallet,Delivered
FD000956,2025-08-12,C0102,Bengaluru,The Biryani House,Chinese,2,637.66,65,63.77,638.89,33,4.7,UPI,Delivered
FD000957,2025-05-27,C0450,Hyderabad,Spice Route,South Indian,1,281.65,65,0.0,346.65,47,4.3,UPI,Delivered
FD000958,2025-08-20,C0183,Chennai,Wok & Roll,Burgers,4,1402.39,45,140.24,1307.15,39,4.6,UPI,Delivered
FD000959,2025-12-21,C0287,Hyderabad,Sweet Truth,Biryani,1,372.21,35,37.22,369.99,40,4.6,UPI,Delivered
FD000960,2025-05-31,C0218,Bengaluru,The Biryani House,Biryani,3,1075.02,65,53.75,1086.27,32,4.1,Wallet,Delivered
FD000961,2025-02-26,C0690,Pune,Sweet Truth,Healthy,3,1125.32,25,0.0,1150.32,30,4.8,UPI,Delivered
FD000962,2025-05-30,C0725,Bengaluru,Urban Tadka,Burgers,4,1292.85,25,64.64,1253.21,43,4.9,UPI,Delivered
FD000963,2025-11-03,C0639,Mumbai,The Biryani House,North Indian,3,1264.77,65,126.48,1203.29,27,4.6,Cash,Delivered
FD000964,2025-03-21,C0579,Kolkata,Burger Lab,Burgers,3,1034.84,45,0.0,0.0,44,4.7,UPI,Cancelled
FD000965,2025-12-13,C0291,Mumbai,Pizza District,Healthy,4,1370.09,45,137.01,0.0,49,3.8,UPI,Cancelled
FD000966,2025-08-03,C0115,Hyderabad,Dosa Corner,Biryani,4,1407.96,25,0.0,1432.96,24,4.7,Debit Card,Delivered
FD000967,2025-08-08,C0455,Bengaluru,The Biryani House,Biryani,1,336.83,45,0.0,0.0,26,4.4,UPI,Cancelled
FD000968,2025-04-26,C0342,Mumbai,Dosa Corner,Healthy,4,1296.54,65,129.65,0.0,27,5.0,Cash,Cancelled
FD000969,2025-12-02,C0226,Mumbai,The Biryani House,Healthy,2,653.01,45,0.0,0.0,16,5.0,Credit Card,Cancelled
FD000970,2025-01-14,C0195,Hyderabad,Urban Tadka,Pizza,1,455.67,35,0.0,490.67,28,4.6,UPI,Delivered
FD000971,2025-04-20,C0129,Chennai,Wok & Roll,Burgers,3,897.77,45,89.78,852.99,50,4.5,Credit Card,Delivered
FD000972,2025-06-02,C0664,Mumbai,Wok & Roll,Burgers,4,1360.46,55,136.05,1279.41,21,5.0,UPI,Delivered
FD000973,2025-06-24,C0258,Bengaluru,Wok & Roll,Burgers,1,295.61,55,0.0,0.0,50,4.0,Credit Card,Cancelled
FD000974,2025-06-23,C0735,Mumbai,Spice Route,Pizza,1,394.65,35,0.0,429.65,29,4.6,Credit Card,Delivered
FD000975,2025-02-23,C0536,Hyderabad,Pizza District,North Indian,4,1460.38,45,73.02,0.0,59,4.1,Debit Card,Cancelled
FD000976,2025-03-24,C0132,Bengaluru,Spice Route,Pizza,3,1296.53,35,129.65,1201.88,26,4.4,Credit Card,Delivered
FD000977,2025-02-04,C0051,Pune,Dosa Corner,South Indian,1,267.22,35,13.36,0.0,32,4.5,Debit Card,Cancelled
FD000978,2025-07-28,C0334,Bengaluru,Spice Route,Biryani,4,1379.02,25,137.9,1266.12,23,5.0,UPI,Delivered
FD000979,2025-05-09,C0066,Mumbai,Sweet Truth,Biryani,2,644.56,45,64.46,0.0,26,4.5,Wallet,Cancelled
FD000980,2025-07-26,C0763,Chennai,Spice Route,South Indian,2,537.55,45,80.63,0.0,50,4.3,UPI,Cancelled
FD000981,2025-08-04,C0726,Bengaluru,Wok & Roll,Pizza,2,786.99,35,0.0,821.99,40,4.5,Cash,Delivered
FD000982,2025-09-14,C0526,Kolkata,The Biryani House,South Indian,3,632.57,35,0.0,667.57,46,4.1,Credit Card,Delivered
FD000983,2025-07-19,C0235,Bengaluru,Spice Route,Biryani,1,394.98,25,0.0,419.98,18,4.9,UPI,Delivered
FD000984,2025-08-25,C0695,Bengaluru,The Biryani House,Healthy,2,659.91,25,0.0,0.0,42,4.9,UPI,Cancelled
FD000985,2025-08-03,C0518,Kolkata,Spice Route,Desserts,2,449.14,45,22.46,471.68,22,4.9,Cash,Delivered
FD000986,2025-08-27,C0287,Pune,Burger Lab,North Indian,1,448.65,35,67.3,416.35,18,5.0,Cash,Delivered
FD000987,2025-08-14,C0704,Delhi,Dosa Corner,Biryani,4,1641.12,25,0.0,1666.12,37,4.9,Debit Card,Delivered
FD000988,2025-04-26,C0168,Hyderabad,The Biryani House,Pizza,1,401.54,65,0.0,466.54,37,4.3,UPI,Delivered
FD000989,2025-03-31,C0455,Hyderabad,Pizza District,Burgers,4,1359.25,35,67.96,1326.29,35,4.1,Credit Card,Delivered
FD000990,2025-10-15,C0554,Delhi,Urban Tadka,Chinese,1,409.21,55,81.84,382.37,43,4.8,UPI,Delivered
FD000991,2025-05-06,C0727,Bengaluru,Pizza District,Pizza,2,855.36,45,0.0,900.36,44,4.2,Debit Card,Delivered
FD000992,2025-07-20,C0110,Bengaluru,Sweet Truth,Biryani,1,408.92,45,40.89,413.03,52,4.3,UPI,Delivered
FD000993,2025-03-13,C0231,Pune,Wok & Roll,Burgers,2,588.37,45,88.26,545.11,20,4.5,Cash,Delivered
FD000994,2025-06-07,C0672,Bengaluru,Sweet Truth,Pizza,3,1654.64,25,82.73,1596.91,52,4.1,Debit Card,Delivered
FD000995,2025-07-13,C0400,Hyderabad,Dosa Corner,Burgers,1,317.39,55,31.74,340.65,57,3.5,UPI,Delivered
FD000996,2025-08-17,C0604,Hyderabad,Spice Route,Pizza,3,1457.6,55,72.88,0.0,30,4.6,Debit Card,Cancelled
FD000997,2025-07-12,C0619,Chennai,Spice Route,Pizza,4,1676.13,35,0.0,0.0,14,4.7,UPI,Cancelled
FD000998,2025-05-12,C0244,Mumbai,The Biryani House,South Indian,2,556.41,55,27.82,0.0,17,4.6,UPI,Cancelled
FD000999,2025-12-18,C0266,Kolkata,Sweet Truth,Burgers,1,311.79,45,0.0,356.79,28,4.5,UPI,Delivered
FD001000,2025-07-07,C0399,Hyderabad,Urban Tadka,Pizza,3,1173.33,55,117.33,1111.0,58,3.0,UPI,Delivered
FD001001,2025-10-23,C0023,Hyderabad,Spice Route,Chinese,1,310.12,55,46.52,318.6,34,4.0,UPI,Delivered
FD001002,2025-09-26,C0640,Mumbai,Sweet Truth,Desserts,1,224.88,25,0.0,249.88,27,4.9,Debit Card,Delivered
FD001003,2025-07-23,C0093,Chennai,Urban Tadka,Burgers,2,532.41,55,53.24,534.17,26,4.8,Debit Card,Delivered
FD001004,2025-11-20,C0748,Mumbai,The Biryani House,Chinese,2,786.84,65,0.0,851.84,18,4.5,Credit Card,Delivered
FD001005,2025-02-16,C0624,Ahmedabad,Dosa Corner,Healthy,1,345.93,45,0.0,390.93,44,4.4,Wallet,Delivered
FD001006,2025-12-03,C0282,Mumbai,Spice Route,Chinese,4,1390.36,25,139.04,1276.32,33,4.2,Cash,Delivered
FD001007,2025-11-07,C0058,Chennai,Urban Tadka,North Indian,3,1224.55,55,0.0,1279.55,59,4.1,UPI,Delivered
FD001008,2025-07-03,C0632,Ahmedabad,Burger Lab,Desserts,4,734.0,45,73.4,705.6,42,4.2,Credit Card,Delivered
FD001009,2025-09-25,C0359,Hyderabad,Spice Route,Biryani,2,821.72,35,0.0,856.72,44,4.1,Cash,Delivered
FD001010,2025-07-09,C0156,Ahmedabad,Burger Lab,Burgers,2,693.7,55,104.05,644.65,31,4.5,UPI,Delivered
FD001011,2025-04-09,C0344,Mumbai,Wok & Roll,South Indian,4,884.85,45,44.24,885.61,21,5.0,UPI,Delivered
FD001012,2025-10-19,C0723,Mumbai,Urban Tadka,Healthy,1,327.28,55,16.36,365.92,24,4.4,Wallet,Delivered
FD001013,2025-03-31,C0551,Ahmedabad,Wok & Roll,Burgers,2,610.65,45,61.06,0.0,18,4.9,Debit Card,Cancelled
FD001014,2025-04-25,C0550,Mumbai,The Biryani House,Biryani,4,1650.73,35,82.54,1603.19,45,4.4,Cash,Delivered
FD001015,2025-07-09,C0412,Chennai,Sweet Truth,Chinese,2,728.09,65,0.0,0.0,29,4.2,Cash,Cancelled
FD001016,2025-11-02,C0123,Bengaluru,Pizza District,Biryani,4,1439.11,45,215.87,0.0,45,3.6,UPI,Cancelled
FD001017,2025-05-21,C0760,Delhi,Burger Lab,Desserts,2,473.02,45,0.0,518.02,36,4.2,Debit Card,Delivered
FD001018,2025-06-30,C0592,Mumbai,The Biryani House,Chinese,2,661.73,35,0.0,696.73,30,4.8,Cash,Delivered
FD001019,2025-01-16,C0413,Bengaluru,Dosa Corner,South Indian,4,980.38,25,49.02,956.36,20,4.7,UPI,Delivered
FD001020,2025-02-12,C0580,Delhi,The Biryani House,North Indian,1,338.4,45,33.84,0.0,38,4.3,UPI,Cancelled
FD001021,2025-01-21,C0291,Delhi,Wok & Roll,South Indian,4,1004.77,35,100.48,939.29,31,4.8,UPI,Delivered
FD001022,2025-01-27,C0594,Chennai,Dosa Corner,South Indian,1,228.28,65,34.24,259.04,45,3.9,Debit Card,Delivered
FD001023,2025-11-14,C0775,Hyderabad,Sweet Truth,Desserts,2,479.02,65,23.95,520.07,25,4.6,Debit Card,Delivered
FD001024,2025-11-04,C0276,Chennai,Dosa Corner,North Indian,3,1155.06,55,0.0,1210.06,41,3.7,Cash,Delivered
FD001025,2025-10-27,C0007,Hyderabad,Burger Lab,North Indian,3,1028.99,35,0.0,1063.99,54,4.1,UPI,Delivered
FD001026,2025-01-21,C0592,Hyderabad,Burger Lab,Biryani,4,1583.69,45,0.0,1628.69,37,4.5,Credit Card,Delivered
FD001027,2025-01-29,C0682,Chennai,Pizza District,Chinese,4,1701.18,25,170.12,1556.06,43,4.5,UPI,Delivered
FD001028,2025-04-13,C0662,Hyderabad,Burger Lab,Pizza,3,1549.39,55,0.0,0.0,41,3.9,Wallet,Cancelled
FD001029,2025-07-26,C0781,Bengaluru,Wok & Roll,North Indian,3,1305.59,35,130.56,1210.03,57,3.8,Credit Card,Delivered
FD001030,2025-05-02,C0278,Delhi,Wok & Roll,South Indian,2,438.18,65,43.82,459.36,38,3.9,Debit Card,Delivered
FD001031,2025-06-27,C0735,Bengaluru,The Biryani House,Burgers,4,1286.63,35,128.66,1192.97,42,4.2,UPI,Delivered
FD001032,2025-03-05,C0167,Ahmedabad,The Biryani House,Biryani,3,870.17,35,0.0,905.17,34,5.0,UPI,Delivered
FD001033,2025-09-24,C0470,Kolkata,Spice Route,Pizza,1,425.83,65,0.0,490.83,25,4.6,UPI,Delivered
FD001034,2025-04-25,C0711,Mumbai,Burger Lab,South Indian,4,1119.35,45,167.9,996.45,20,4.3,Cash,Delivered
FD001035,2025-01-25,C0733,Ahmedabad,Spice Route,Pizza,2,1049.08,55,104.91,999.17,49,3.8,UPI,Delivered
FD001036,2025-09-29,C0497,Kolkata,Spice Route,Biryani,2,631.36,55,31.57,654.79,22,4.2,Cash,Delivered
FD001037,2025-11-26,C0437,Bengaluru,The Biryani House,North Indian,2,678.53,45,67.85,0.0,43,3.8,UPI,Cancelled
FD001038,2025-01-06,C0369,Pune,Urban Tadka,Desserts,4,952.27,35,142.84,844.43,39,4.6,Credit Card,Delivered
FD001039,2025-06-09,C0695,Hyderabad,Burger Lab,Pizza,2,820.84,45,0.0,0.0,45,3.7,UPI,Cancelled
FD001040,2025-10-29,C0704,Delhi,Urban Tadka,Pizza,2,873.57,55,131.04,797.53,28,4.7,UPI,Delivered
FD001041,2025-09-15,C0192,Mumbai,Pizza District,Healthy,1,284.87,65,0.0,349.87,25,4.7,Credit Card,Delivered
FD001042,2025-11-09,C0109,Hyderabad,Burger Lab,South Indian,2,391.36,35,78.27,0.0,39,4.1,UPI,Cancelled
FD001043,2025-06-01,C0652,Bengaluru,Wok & Roll,South Indian,1,223.59,45,0.0,268.59,30,4.6,Credit Card,Delivered
FD001044,2025-05-16,C0649,Ahmedabad,Wok & Roll,Pizza,3,1701.9,35,0.0,0.0,19,4.5,Credit Card,Cancelled
FD001045,2025-09-16,C0080,Bengaluru,The Biryani House,Pizza,4,1808.91,45,0.0,1853.91,57,4.2,UPI,Delivered
FD001046,2025-02-26,C0393,Hyderabad,Pizza District,Biryani,2,704.15,55,105.62,653.53,25,4.4,Credit Card,Delivered
FD001047,2025-03-29,C0406,Hyderabad,Dosa Corner,South Indian,4,1051.52,55,210.3,896.22,22,4.6,Debit Card,Delivered
FD001048,2025-08-08,C0035,Chennai,Pizza District,Biryani,4,1433.17,35,0.0,1468.17,31,4.3,UPI,Delivered
FD001049,2025-09-01,C0532,Kolkata,Burger Lab,Biryani,1,383.9,35,0.0,0.0,49,4.3,UPI,Cancelled
FD001050,2025-02-13,C0779,Pune,Dosa Corner,South Indian,3,765.63,35,0.0,800.63,12,5.0,UPI,Delivered
FD001051,2025-07-05,C0170,Chennai,Urban Tadka,Healthy,3,1011.15,25,0.0,1036.15,48,3.2,UPI,Delivered
FD001052,2025-05-14,C0623,Bengaluru,Spice Route,Desserts,2,430.05,35,43.0,422.05,23,4.8,UPI,Delivered
FD001053,2025-07-03,C0065,Hyderabad,Pizza District,Burgers,4,1359.21,55,0.0,1414.21,37,3.8,Credit Card,Delivered
FD001054,2025-12-16,C0172,Chennai,Pizza District,Burgers,2,659.05,35,131.81,0.0,26,4.5,UPI,Cancelled
FD001055,2025-01-28,C0453,Pune,Urban Tadka,Burgers,1,338.95,35,50.84,323.11,58,3.8,Cash,Delivered
FD001056,2025-12-30,C0739,Delhi,Dosa Corner,Pizza,3,1249.5,45,0.0,1294.5,35,4.3,Debit Card,Delivered
FD001057,2025-06-14,C0709,Chennai,Wok & Roll,Chinese,1,404.75,25,20.24,409.51,26,4.8,UPI,Delivered
FD001058,2025-10-09,C0749,Mumbai,Burger Lab,Burgers,2,665.25,35,133.05,567.2,30,4.8,Credit Card,Delivered
FD001059,2025-06-04,C0791,Chennai,Burger Lab,Chinese,3,1051.64,65,157.75,958.89,35,4.2,UPI,Delivered
FD001060,2025-04-24,C0641,Mumbai,Pizza District,North Indian,3,1362.37,25,136.24,1251.13,36,4.1,UPI,Delivered
FD001061,2025-10-09,C0291,Mumbai,Wok & Roll,Healthy,2,599.65,35,0.0,634.65,39,4.3,Wallet,Delivered
FD001062,2025-09-08,C0102,Delhi,Urban Tadka,Biryani,2,634.86,45,0.0,679.86,34,3.9,Credit Card,Delivered
FD001063,2025-02-22,C0658,Mumbai,Burger Lab,Burgers,1,347.65,35,34.76,347.89,17,4.7,UPI,Delivered
FD001064,2025-09-15,C0150,Ahmedabad,Sweet Truth,Biryani,2,635.71,35,31.79,638.92,30,5.0,Cash,Delivered
FD001065,2025-10-02,C0417,Chennai,Dosa Corner,Burgers,3,886.47,35,88.65,832.82,41,3.7,Cash,Delivered
FD001066,2025-05-22,C0604,Hyderabad,Pizza District,Pizza,3,1370.89,35,137.09,0.0,26,4.5,Credit Card,Cancelled
FD001067,2025-12-04,C0028,Bengaluru,Spice Route,Biryani,2,808.88,55,40.44,823.44,42,4.0,Debit Card,Delivered
FD001068,2025-08-22,C0732,Mumbai,Sweet Truth,Desserts,1,200.05,35,0.0,235.05,34,5.0,Debit Card,Delivered
FD001069,2025-05-02,C0243,Mumbai,Wok & Roll,Chinese,3,1221.4,35,61.07,0.0,31,4.3,Debit Card,Cancelled
FD001070,2025-01-04,C0173,Mumbai,Dosa Corner,North Indian,3,1326.01,35,198.9,1162.11,48,3.9,Credit Card,Delivered
FD001071,2025-09-04,C0298,Delhi,The Biryani House,Biryani,1,368.51,65,0.0,433.51,13,4.6,Cash,Delivered
FD001072,2025-03-18,C0369,Bengaluru,Dosa Corner,Biryani,3,1231.53,25,0.0,1256.53,26,4.7,Credit Card,Delivered
FD001073,2025-10-04,C0364,Delhi,Dosa Corner,Burgers,1,340.19,55,68.04,0.0,49,4.2,UPI,Cancelled
FD001074,2025-07-11,C0124,Delhi,Spice Route,Biryani,2,676.45,35,67.65,643.8,56,3.6,UPI,Delivered
FD001075,2025-06-20,C0152,Chennai,Wok & Roll,Pizza,3,1689.14,65,84.46,1669.68,61,4.1,UPI,Delivered
FD001076,2025-03-01,C0383,Chennai,Pizza District,Healthy,3,980.28,35,147.04,868.24,35,4.5,UPI,Delivered
FD001077,2025-09-17,C0182,Hyderabad,Burger Lab,Pizza,3,1182.33,25,59.12,0.0,39,4.6,UPI,Cancelled
FD001078,2025-03-02,C0515,Chennai,The Biryani House,Pizza,4,1749.29,45,349.86,1444.43,44,4.1,Credit Card,Delivered
FD001079,2025-06-02,C0720,Pune,Spice Route,Chinese,1,396.72,35,59.51,0.0,49,4.2,Wallet,Cancelled
FD001080,2025-11-02,C0015,Kolkata,The Biryani House,Chinese,4,1320.01,55,0.0,1375.01,38,4.3,UPI,Delivered
FD001081,2025-12-02,C0029,Mumbai,Wok & Roll,Chinese,2,782.63,45,39.13,0.0,45,4.7,UPI,Cancelled
FD001082,2025-12-28,C0515,Bengaluru,The Biryani House,Burgers,2,578.53,45,0.0,623.53,40,4.3,Cash,Delivered
FD001083,2025-12-16,C0023,Delhi,Pizza District,North Indian,4,1611.7,25,161.17,1475.53,40,4.3,UPI,Delivered
FD001084,2025-07-22,C0512,Pune,Pizza District,Biryani,2,570.5,45,57.05,558.45,23,4.6,Debit Card,Delivered
FD001085,2025-03-15,C0393,Bengaluru,Burger Lab,Burgers,1,345.49,35,17.27,363.22,30,4.4,Credit Card,Delivered
FD001086,2025-11-03,C0365,Pune,Pizza District,South Indian,3,683.81,65,136.76,612.05,28,4.7,Credit Card,Delivered
FD001087,2025-10-20,C0486,Hyderabad,Urban Tadka,North Indian,3,1030.78,45,51.54,0.0,20,5.0,UPI,Cancelled
FD001088,2025-12-28,C0717,Hyderabad,Burger Lab,Burgers,3,894.24,45,89.42,849.82,14,4.7,UPI,Delivered
FD001089,2025-08-26,C0102,Hyderabad,Urban Tadka,Chinese,1,377.27,55,37.73,394.54,29,4.6,Credit Card,Delivered
FD001090,2025-02-21,C0108,Hyderabad,The Biryani House,Biryani,3,1109.32,45,55.47,0.0,31,4.6,UPI,Cancelled
FD001091,2025-07-03,C0558,Kolkata,Burger Lab,Biryani,1,354.77,45,0.0,0.0,35,4.6,UPI,Cancelled
FD001092,2025-06-13,C0042,Chennai,The Biryani House,Biryani,3,872.37,35,87.24,0.0,41,3.7,UPI,Cancelled
FD001093,2025-11-04,C0344,Bengaluru,Spice Route,South Indian,3,822.92,45,82.29,0.0,36,4.1,Debit Card,Cancelled
FD001094,2025-05-24,C0397,Chennai,The Biryani House,Pizza,4,1892.34,35,0.0,0.0,31,4.0,Credit Card,Cancelled
FD001095,2025-04-30,C0314,Chennai,Pizza District,South Indian,4,808.02,25,80.8,0.0,23,4.7,Debit Card,Cancelled
FD001096,2025-01-30,C0427,Bengaluru,Burger Lab,Biryani,1,387.79,55,19.39,0.0,45,3.9,Debit Card,Cancelled
FD001097,2025-11-01,C0091,Hyderabad,Burger Lab,North Indian,1,421.85,25,0.0,446.85,33,4.3,UPI,Delivered
FD001098,2025-10-03,C0214,Delhi,Spice Route,North Indian,3,1260.72,45,189.11,1116.61,29,4.2,Cash,Delivered
FD001099,2025-01-16,C0005,Hyderabad,Dosa Corner,Biryani,4,1367.12,25,0.0,1392.12,32,4.4,Cash,Delivered
FD001100,2025-06-08,C0770,Pune,Burger Lab,Biryani,1,339.6,35,33.96,340.64,25,4.3,UPI,Delivered
FD001101,2025-06-25,C0666,Bengaluru,Urban Tadka,Biryani,2,712.67,55,71.27,696.4,28,4.9,Credit Card,Delivered
FD001102,2025-06-21,C0203,Delhi,The Biryani House,North Indian,2,660.23,25,0.0,685.23,27,4.8,UPI,Delivered
FD001103,2025-12-02,C0030,Pune,Dosa Corner,Pizza,2,888.82,45,44.44,889.38,31,4.6,Cash,Delivered
FD001104,2025-02-24,C0217,Hyderabad,Wok & Roll,Chinese,3,1347.79,45,0.0,1392.79,42,4.1,UPI,Delivered
FD001105,2025-04-22,C0765,Hyderabad,The Biryani House,Burgers,2,647.97,55,0.0,702.97,39,3.6,UPI,Delivered
FD001106,2025-03-08,C0649,Ahmedabad,Dosa Corner,Desserts,2,394.52,25,39.45,0.0,53,3.8,Cash,Cancelled
FD001107,2025-03-31,C0528,Chennai,Burger Lab,Burgers,4,1092.73,55,0.0,0.0,49,3.8,Credit Card,Cancelled
FD001108,2025-11-28,C0739,Delhi,Wok & Roll,Chinese,2,828.88,35,165.78,698.1,57,4.0,UPI,Delivered
FD001109,2025-12-10,C0142,Hyderabad,Spice Route,Healthy,1,294.39,35,14.72,314.67,41,4.5,Credit Card,Delivered
FD001110,2025-01-17,C0429,Bengaluru,Burger Lab,Biryani,4,1226.38,35,0.0,1261.38,41,4.4,Debit Card,Delivered
FD001111,2025-08-19,C0636,Mumbai,Urban Tadka,North Indian,2,691.51,35,103.73,622.78,28,5.0,UPI,Delivered
FD001112,2025-03-26,C0016,Kolkata,Sweet Truth,Biryani,4,1527.97,45,76.4,1496.57,44,4.0,Credit Card,Delivered
FD001113,2025-03-12,C0349,Bengaluru,Urban Tadka,Burgers,4,1286.98,25,128.7,1183.28,26,4.4,Credit Card,Delivered
FD001114,2025-04-17,C0285,Pune,Spice Route,North Indian,3,999.02,35,99.9,0.0,16,5.0,Credit Card,Cancelled
FD001115,2025-03-12,C0142,Delhi,Pizza District,South Indian,1,205.47,45,30.82,0.0,52,4.1,Wallet,Cancelled
FD001116,2025-06-28,C0180,Hyderabad,The Biryani House,South Indian,4,1010.72,35,0.0,1045.72,19,4.7,Credit Card,Delivered
FD001117,2025-12-30,C0775,Bengaluru,The Biryani House,Pizza,3,1481.83,25,0.0,1506.83,39,5.0,Debit Card,Delivered
FD001118,2025-08-03,C0409,Bengaluru,Sweet Truth,Burgers,2,653.47,35,130.69,557.78,23,4.9,Debit Card,Delivered
FD001119,2025-09-21,C0066,Chennai,The Biryani House,Burgers,4,1072.25,35,0.0,0.0,48,4.0,UPI,Cancelled
FD001120,2025-06-30,C0547,Delhi,Dosa Corner,Chinese,4,1647.06,45,164.71,1527.35,49,3.8,UPI,Delivered
FD001121,2025-01-06,C0473,Chennai,Urban Tadka,Burgers,4,1422.48,55,142.25,0.0,40,4.8,Wallet,Cancelled
FD001122,2025-01-31,C0314,Bengaluru,Wok & Roll,Pizza,1,499.39,45,49.94,494.45,49,4.1,Debit Card,Delivered
FD001123,2025-04-09,C0318,Delhi,Urban Tadka,Pizza,3,1277.09,45,127.71,1194.38,34,4.5,UPI,Delivered
FD001124,2025-03-30,C0430,Mumbai,Urban Tadka,Pizza,2,1027.35,25,205.47,846.88,61,4.0,UPI,Delivered
FD001125,2025-11-03,C0744,Mumbai,Urban Tadka,Burgers,1,287.13,65,0.0,352.13,43,4.5,UPI,Delivered
FD001126,2025-11-04,C0608,Mumbai,The Biryani House,Biryani,2,583.11,35,58.31,559.8,23,4.9,UPI,Delivered
FD001127,2025-11-08,C0321,Bengaluru,Pizza District,North Indian,1,368.0,35,36.8,0.0,35,4.7,UPI,Cancelled
FD001128,2025-08-21,C0197,Delhi,Dosa Corner,Chinese,1,437.45,35,0.0,472.45,32,4.7,Credit Card,Delivered
FD001129,2025-07-23,C0087,Chennai,Dosa Corner,Biryani,3,1019.04,25,152.86,891.18,31,4.7,UPI,Delivered
FD001130,2025-08-25,C0157,Chennai,Burger Lab,South Indian,3,821.05,55,41.05,835.0,14,4.7,Debit Card,Delivered
FD001131,2025-05-29,C0110,Hyderabad,Pizza District,North Indian,2,798.11,35,0.0,0.0,39,5.0,Wallet,Cancelled
FD001132,2025-09-02,C0645,Mumbai,The Biryani House,Pizza,1,484.09,35,72.61,446.48,17,4.4,Wallet,Delivered
FD001133,2025-10-17,C0461,Mumbai,The Biryani House,Biryani,4,1142.78,25,171.42,996.36,12,5.0,Cash,Delivered
FD001134,2025-10-06,C0030,Bengaluru,Urban Tadka,Biryani,3,1109.2,65,0.0,0.0,30,4.1,Credit Card,Cancelled
FD001135,2025-08-13,C0741,Kolkata,Burger Lab,Biryani,3,898.02,55,89.8,863.22,25,4.6,Credit Card,Delivered
FD001136,2025-01-22,C0121,Kolkata,Dosa Corner,Desserts,1,201.86,65,0.0,266.86,24,4.5,Credit Card,Delivered
FD001137,2025-09-22,C0517,Hyderabad,Wok & Roll,Healthy,1,294.39,55,0.0,349.39,12,5.0,UPI,Delivered
FD001138,2025-05-14,C0010,Delhi,Wok & Roll,Biryani,1,337.19,55,0.0,392.19,24,4.8,Cash,Delivered
FD001139,2025-09-29,C0472,Chennai,The Biryani House,Desserts,1,206.35,35,30.95,0.0,32,4.2,Debit Card,Cancelled
FD001140,2025-07-16,C0445,Ahmedabad,Sweet Truth,Biryani,4,1147.69,25,0.0,1172.69,26,4.6,Debit Card,Delivered
FD001141,2025-11-18,C0728,Bengaluru,Sweet Truth,Chinese,2,696.68,35,0.0,0.0,39,4.8,UPI,Cancelled
FD001142,2025-05-04,C0481,Bengaluru,Pizza District,Desserts,3,723.6,35,72.36,0.0,51,3.6,UPI,Cancelled
FD001143,2025-12-06,C0392,Chennai,Dosa Corner,Burgers,4,1016.52,45,50.83,0.0,40,4.0,Cash,Cancelled
FD001144,2025-11-05,C0425,Bengaluru,The Biryani House,Biryani,4,1309.92,25,0.0,1334.92,46,4.5,UPI,Delivered
FD001145,2025-05-01,C0507,Delhi,Spice Route,Chinese,2,707.25,25,0.0,732.25,47,4.2,UPI,Delivered
FD001146,2025-06-26,C0332,Mumbai,The Biryani House,Healthy,2,617.95,45,61.79,601.16,22,4.8,Credit Card,Delivered
FD001147,2025-07-13,C0572,Bengaluru,Dosa Corner,Pizza,2,1029.26,25,102.93,951.33,39,4.7,Debit Card,Delivered
FD001148,2025-10-08,C0424,Mumbai,Pizza District,Biryani,1,317.95,25,31.79,0.0,46,3.9,UPI,Cancelled
FD001149,2025-09-09,C0776,Kolkata,Dosa Corner,Biryani,4,1384.86,25,0.0,1409.86,29,4.4,UPI,Delivered
FD001150,2025-11-07,C0156,Pune,The Biryani House,Chinese,3,1200.11,45,60.01,1185.1,25,4.5,Debit Card,Delivered
FD001151,2025-05-16,C0584,Mumbai,Pizza District,Chinese,2,707.51,25,70.75,661.76,40,4.2,Wallet,Delivered
FD001152,2025-07-04,C0661,Bengaluru,Spice Route,Desserts,3,714.17,25,0.0,739.17,16,5.0,Credit Card,Delivered
FD001153,2025-06-07,C0575,Hyderabad,Dosa Corner,Desserts,3,721.3,35,0.0,756.3,21,4.2,Debit Card,Delivered
FD001154,2025-11-28,C0785,Kolkata,The Biryani House,North Indian,1,340.51,55,17.03,378.48,26,4.2,UPI,Delivered
FD001155,2025-04-22,C0348,Delhi,Spice Route,Desserts,3,574.42,25,0.0,599.42,39,3.8,Debit Card,Delivered
FD001156,2025-08-03,C0433,Mumbai,Urban Tadka,Pizza,4,1711.4,25,0.0,1736.4,37,4.9,Credit Card,Delivered
FD001157,2025-02-13,C0124,Kolkata,Burger Lab,Chinese,3,1002.91,55,200.58,857.33,46,3.9,Cash,Delivered
FD001158,2025-11-07,C0300,Hyderabad,Dosa Corner,Pizza,3,1438.07,55,71.9,0.0,23,4.6,Debit Card,Cancelled
FD001159,2025-05-21,C0128,Delhi,Sweet Truth,Pizza,1,492.62,25,49.26,468.36,22,4.2,UPI,Delivered
FD001160,2025-05-05,C0634,Bengaluru,Urban Tadka,Healthy,3,943.93,35,0.0,978.93,40,4.2,UPI,Delivered
FD001161,2025-08-01,C0626,Hyderabad,Wok & Roll,South Indian,4,879.21,25,87.92,816.29,24,5.0,Cash,Delivered
FD001162,2025-07-02,C0155,Chennai,Pizza District,Healthy,2,593.26,45,59.33,0.0,27,4.7,UPI,Cancelled
FD001163,2025-11-06,C0643,Chennai,Burger Lab,Burgers,3,1086.27,35,162.94,0.0,12,5.0,Debit Card,Cancelled
FD001164,2025-07-13,C0257,Ahmedabad,Burger Lab,Chinese,3,1320.14,65,66.01,0.0,37,3.8,Credit Card,Cancelled
FD001165,2025-07-08,C0584,Bengaluru,Spice Route,Burgers,1,256.27,55,25.63,0.0,52,3.9,UPI,Cancelled
FD001166,2025-02-08,C0752,Pune,Urban Tadka,Biryani,2,744.64,45,0.0,789.64,22,4.8,Debit Card,Delivered
FD001167,2025-01-09,C0664,Pune,Wok & Roll,Pizza,4,1892.61,25,189.26,0.0,46,3.8,Credit Card,Cancelled
FD001168,2025-05-26,C0150,Delhi,Wok & Roll,Chinese,4,1625.38,55,243.81,1436.57,33,4.7,Cash,Delivered
FD001169,2025-12-31,C0145,Ahmedabad,Sweet Truth,Biryani,2,728.79,45,72.88,700.91,13,5.0,UPI,Delivered
FD001170,2025-12-01,C0090,Chennai,Dosa Corner,Healthy,2,742.87,55,74.29,723.58,23,4.5,UPI,Delivered
FD001171,2025-08-18,C0674,Chennai,Spice Route,Biryani,4,1175.64,25,176.35,1024.29,23,5.0,UPI,Delivered
FD001172,2025-08-19,C0438,Hyderabad,Wok & Roll,Pizza,1,453.63,45,68.04,0.0,30,4.5,UPI,Cancelled
FD001173,2025-05-23,C0125,Bengaluru,Pizza District,Desserts,2,481.77,55,0.0,536.77,39,4.7,Debit Card,Delivered
FD001174,2025-03-06,C0470,Kolkata,Pizza District,Biryani,1,309.24,65,0.0,374.24,56,4.6,UPI,Delivered
FD001175,2025-01-04,C0424,Chennai,Spice Route,North Indian,1,341.66,45,34.17,0.0,17,4.5,UPI,Cancelled
FD001176,2025-05-04,C0478,Bengaluru,Dosa Corner,South Indian,3,784.01,45,156.8,672.21,28,4.9,Wallet,Delivered
FD001177,2025-04-26,C0508,Bengaluru,Urban Tadka,Biryani,2,776.8,35,38.84,772.96,23,5.0,UPI,Delivered
FD001178,2025-03-11,C0132,Mumbai,Sweet Truth,South Indian,4,1024.71,45,0.0,0.0,19,4.5,UPI,Cancelled
FD001179,2025-04-05,C0310,Delhi,Sweet Truth,South Indian,4,1062.54,65,53.13,1074.41,35,4.2,Cash,Delivered
FD001180,2025-01-10,C0577,Bengaluru,Dosa Corner,Desserts,4,873.67,45,0.0,918.67,34,4.2,Debit Card,Delivered
FD001181,2025-08-10,C0728,Pune,Spice Route,North Indian,3,1028.8,35,0.0,1063.8,12,5.0,UPI,Delivered
FD001182,2025-12-05,C0194,Delhi,Pizza District,South Indian,3,751.04,25,0.0,0.0,34,4.3,Wallet,Cancelled
FD001183,2025-09-10,C0457,Pune,Spice Route,Chinese,3,1256.95,45,0.0,1301.95,20,4.7,Credit Card,Delivered
FD001184,2025-06-13,C0759,Bengaluru,Wok & Roll,Pizza,4,2190.1,55,219.01,2026.09,34,4.7,UPI,Delivered
FD001185,2025-06-03,C0481,Delhi,Dosa Corner,South Indian,1,217.41,25,0.0,242.41,49,3.4,UPI,Delivered
FD001186,2025-04-23,C0183,Hyderabad,Wok & Roll,Healthy,3,834.33,35,0.0,869.33,40,4.0,Wallet,Delivered
FD001187,2025-02-21,C0468,Chennai,Spice Route,Chinese,1,419.59,65,20.98,463.61,36,4.6,UPI,Delivered
FD001188,2025-08-07,C0014,Delhi,The Biryani House,South Indian,2,436.69,45,0.0,481.69,28,4.8,Cash,Delivered
FD001189,2025-07-26,C0392,Delhi,Urban Tadka,Burgers,2,502.38,35,25.12,512.26,35,4.1,UPI,Delivered
FD001190,2025-01-03,C0455,Hyderabad,Pizza District,Desserts,3,685.62,35,0.0,720.62,41,4.5,UPI,Delivered
FD001191,2025-06-01,C0046,Kolkata,The Biryani House,Healthy,4,1297.94,35,0.0,1332.94,40,4.8,Cash,Delivered
FD001192,2025-04-12,C0163,Hyderabad,Dosa Corner,Biryani,1,328.44,25,32.84,320.6,33,4.5,Wallet,Delivered
FD001193,2025-03-04,C0792,Mumbai,Urban Tadka,Pizza,3,1176.24,45,0.0,1221.24,37,4.0,UPI,Delivered
FD001194,2025-09-14,C0503,Ahmedabad,The Biryani House,Chinese,1,312.57,45,0.0,357.57,18,5.0,UPI,Delivered
FD001195,2025-07-11,C0367,Mumbai,Urban Tadka,Burgers,1,339.05,45,0.0,0.0,25,5.0,Debit Card,Cancelled
FD001196,2025-08-20,C0184,Pune,Sweet Truth,Chinese,2,755.55,45,0.0,800.55,42,3.9,Credit Card,Delivered
FD001197,2025-09-18,C0100,Mumbai,The Biryani House,Biryani,3,914.74,25,0.0,0.0,44,4.2,UPI,Cancelled
FD001198,2025-12-25,C0343,Pune,Sweet Truth,Burgers,1,288.91,25,0.0,0.0,35,4.8,UPI,Cancelled
FD001199,2025-10-21,C0437,Delhi,Burger Lab,Chinese,2,662.44,25,0.0,687.44,52,4.0,Wallet,Delivered
FD001200,2025-08-15,C0144,Delhi,The Biryani House,Chinese,4,1294.79,25,0.0,1319.79,40,3.7,UPI,Delivered
FD001201,2025-11-17,C0641,Bengaluru,Wok & Roll,South Indian,2,440.29,45,66.04,419.25,31,4.7,UPI,Delivered
FD001202,2025-06-24,C0344,Pune,Spice Route,South Indian,4,980.02,25,0.0,1005.02,19,4.5,UPI,Delivered
FD001203,2025-12-26,C0045,Bengaluru,Sweet Truth,South Indian,4,856.44,45,0.0,0.0,51,3.6,UPI,Cancelled
FD001204,2025-10-05,C0110,Ahmedabad,Sweet Truth,Desserts,2,382.93,25,19.15,388.78,43,3.6,Credit Card,Delivered
FD001205,2025-08-26,C0690,Bengaluru,The Biryani House,South Indian,3,715.48,25,0.0,740.48,56,4.3,UPI,Delivered
FD001206,2025-11-26,C0271,Bengaluru,Urban Tadka,Chinese,3,1103.32,25,110.33,1017.99,60,3.5,Credit Card,Delivered
FD001207,2025-07-08,C0299,Kolkata,Pizza District,Chinese,2,651.92,45,0.0,696.92,19,4.9,UPI,Delivered
FD001208,2025-09-21,C0160,Bengaluru,Dosa Corner,Biryani,2,580.34,45,29.02,596.32,19,5.0,UPI,Delivered
FD001209,2025-04-14,C0647,Chennai,Burger Lab,Pizza,2,792.91,55,118.94,728.97,12,5.0,Cash,Delivered
FD001210,2025-12-18,C0653,Delhi,Spice Route,Chinese,1,357.75,25,0.0,382.75,45,4.3,Credit Card,Delivered
FD001211,2025-08-16,C0194,Hyderabad,Spice Route,North Indian,1,430.68,45,0.0,0.0,42,4.4,UPI,Cancelled
FD001212,2025-10-13,C0584,Hyderabad,Urban Tadka,South Indian,2,413.89,55,41.39,427.5,35,4.5,UPI,Delivered
FD001213,2025-06-18,C0362,Mumbai,Dosa Corner,Biryani,4,1558.67,35,311.73,1281.94,19,4.6,Credit Card,Delivered
FD001214,2025-11-13,C0134,Bengaluru,The Biryani House,Chinese,1,410.2,25,20.51,414.69,33,4.2,Debit Card,Delivered
FD001215,2025-01-28,C0637,Bengaluru,Sweet Truth,Pizza,1,390.72,25,39.07,376.65,36,4.4,Debit Card,Delivered
FD001216,2025-02-11,C0067,Hyderabad,The Biryani House,Desserts,2,334.12,25,0.0,359.12,43,4.2,Debit Card,Delivered
FD001217,2025-07-05,C0700,Chennai,Sweet Truth,North Indian,3,1055.56,55,105.56,1005.0,37,4.5,UPI,Delivered
FD001218,2025-09-25,C0021,Bengaluru,Sweet Truth,Chinese,1,315.55,35,0.0,0.0,42,4.6,Wallet,Cancelled
FD001219,2025-10-23,C0259,Hyderabad,Burger Lab,Chinese,1,383.75,45,38.37,390.38,33,4.6,UPI,Delivered
FD001220,2025-06-10,C0182,Delhi,Urban Tadka,Pizza,1,397.21,55,0.0,452.21,48,3.8,UPI,Delivered
FD001221,2025-08-26,C0189,Delhi,Spice Route,Burgers,2,680.41,35,34.02,681.39,42,3.5,Credit Card,Delivered
FD001222,2025-07-21,C0385,Hyderabad,Urban Tadka,North Indian,1,396.69,45,0.0,441.69,20,4.5,UPI,Delivered
FD001223,2025-12-17,C0602,Bengaluru,Burger Lab,South Indian,4,1044.98,25,104.5,0.0,51,3.6,Credit Card,Cancelled
FD001224,2025-08-27,C0320,Kolkata,Burger Lab,Chinese,4,1660.9,35,166.09,1529.81,49,3.8,UPI,Delivered
FD001225,2025-06-02,C0413,Mumbai,Sweet Truth,Burgers,2,612.06,25,91.81,545.25,40,4.4,Debit Card,Delivered
FD001226,2025-12-20,C0778,Chennai,Sweet Truth,Biryani,1,408.07,35,81.61,0.0,37,4.4,Debit Card,Cancelled
FD001227,2025-02-09,C0399,Chennai,The Biryani House,Biryani,1,416.7,35,20.84,0.0,54,4.6,Credit Card,Cancelled
FD001228,2025-12-26,C0634,Bengaluru,Pizza District,Pizza,2,910.75,45,91.08,0.0,14,5.0,UPI,Cancelled
FD001229,2025-02-26,C0308,Pune,Dosa Corner,Burgers,2,524.07,45,0.0,569.07,49,4.7,UPI,Delivered
FD001230,2025-04-16,C0063,Kolkata,Dosa Corner,Healthy,3,920.99,45,138.15,827.84,28,4.9,Cash,Delivered
FD001231,2025-10-27,C0205,Kolkata,The Biryani House,Chinese,2,679.1,25,67.91,636.19,47,4.5,Credit Card,Delivered
FD001232,2025-09-25,C0128,Bengaluru,Spice Route,Pizza,2,973.29,65,48.66,989.63,35,4.3,Credit Card,Delivered
FD001233,2025-12-21,C0726,Bengaluru,Spice Route,Biryani,2,670.65,25,33.53,662.12,19,4.4,UPI,Delivered
FD001234,2025-10-01,C0022,Hyderabad,Dosa Corner,Pizza,3,1432.33,55,143.23,1344.1,28,4.4,UPI,Delivered
FD001235,2025-08-21,C0658,Bengaluru,The Biryani House,North Indian,3,1312.08,45,196.81,1160.27,46,4.1,UPI,Delivered
FD001236,2025-05-07,C0111,Bengaluru,Burger Lab,Burgers,1,279.15,45,41.87,282.28,31,4.3,Debit Card,Delivered
FD001237,2025-01-02,C0121,Delhi,Dosa Corner,Desserts,2,412.77,35,20.64,427.13,27,4.3,Cash,Delivered
FD001238,2025-02-15,C0424,Hyderabad,Sweet Truth,Desserts,3,572.42,55,28.62,598.8,26,4.8,Wallet,Delivered
FD001239,2025-04-19,C0065,Kolkata,Pizza District,Biryani,3,1168.2,45,175.23,1037.97,42,3.9,UPI,Delivered
FD001240,2025-01-15,C0062,Hyderabad,Burger Lab,Chinese,3,1197.82,25,119.78,1103.04,55,3.4,Credit Card,Delivered
FD001241,2025-07-05,C0621,Hyderabad,Urban Tadka,Healthy,3,790.63,55,39.53,806.1,12,4.6,Debit Card,Delivered
FD001242,2025-10-11,C0048,Kolkata,Sweet Truth,Burgers,3,971.21,25,97.12,899.09,68,3.5,UPI,Delivered
FD001243,2025-12-18,C0478,Delhi,Sweet Truth,Biryani,2,615.26,45,61.53,598.73,36,4.1,Credit Card,Delivered
FD001244,2025-06-28,C0095,Bengaluru,Pizza District,Healthy,3,1053.74,45,105.37,0.0,41,4.2,Debit Card,Cancelled
FD001245,2025-11-16,C0069,Mumbai,The Biryani House,North Indian,2,815.77,55,81.58,789.19,29,4.8,UPI,Delivered
FD001246,2025-12-26,C0536,Bengaluru,Burger Lab,Chinese,2,730.23,35,109.53,655.7,34,4.7,UPI,Delivered
FD001247,2025-11-10,C0314,Hyderabad,Pizza District,Chinese,1,407.1,35,61.06,0.0,36,4.2,UPI,Cancelled
FD001248,2025-06-19,C0016,Chennai,Burger Lab,Pizza,2,1091.8,35,54.59,1072.21,21,4.3,Credit Card,Delivered
FD001249,2025-04-29,C0546,Bengaluru,Spice Route,North Indian,1,439.7,35,0.0,0.0,24,4.5,UPI,Cancelled
FD001250,2025-12-23,C0776,Mumbai,The Biryani House,Chinese,1,385.76,45,38.58,392.18,48,4.3,UPI,Delivered
FD001251,2025-03-30,C0449,Bengaluru,Dosa Corner,Biryani,2,762.24,35,76.22,721.02,15,5.0,UPI,Delivered
FD001252,2025-05-31,C0305,Delhi,Sweet Truth,South Indian,3,698.0,55,34.9,0.0,39,4.4,Cash,Cancelled
FD001253,2025-01-28,C0676,Pune,Spice Route,Healthy,4,1436.62,35,215.49,1256.13,30,5.0,Cash,Delivered
FD001254,2025-10-17,C0270,Hyderabad,Dosa Corner,North Indian,1,447.27,25,0.0,472.27,22,5.0,Cash,Delivered
FD001255,2025-08-26,C0491,Hyderabad,Spice Route,Pizza,4,1659.95,35,0.0,1694.95,58,3.7,Cash,Delivered
FD001256,2025-01-31,C0380,Chennai,Dosa Corner,Biryani,2,633.32,25,95.0,563.32,23,5.0,UPI,Delivered
FD001257,2025-03-23,C0582,Pune,The Biryani House,Healthy,3,886.72,35,133.01,788.71,20,4.7,UPI,Delivered
FD001258,2025-07-22,C0415,Delhi,The Biryani House,Healthy,3,848.54,35,42.43,841.11,32,4.9,Credit Card,Delivered
FD001259,2025-07-17,C0386,Delhi,Burger Lab,Chinese,4,1455.32,35,0.0,0.0,25,4.9,Credit Card,Cancelled
FD001260,2025-10-20,C0337,Chennai,Dosa Corner,South Indian,1,212.57,35,10.63,236.94,34,3.8,Debit Card,Delivered
FD001261,2025-04-08,C0237,Bengaluru,Pizza District,Burgers,4,1265.14,45,63.26,0.0,36,4.1,UPI,Cancelled
FD001262,2025-12-04,C0390,Mumbai,The Biryani House,Burgers,1,259.24,55,12.96,301.28,37,3.9,Wallet,Delivered
FD001263,2025-06-12,C0049,Bengaluru,Sweet Truth,Biryani,4,1283.6,45,0.0,1328.6,33,3.9,UPI,Delivered
FD001264,2025-10-28,C0272,Delhi,Sweet Truth,Biryani,3,1120.54,35,0.0,0.0,26,5.0,Credit Card,Cancelled
FD001265,2025-03-29,C0062,Hyderabad,Wok & Roll,Pizza,2,925.07,25,92.51,857.56,42,5.0,Cash,Delivered
FD001266,2025-01-14,C0258,Bengaluru,Spice Route,North Indian,2,771.86,25,77.19,719.67,33,4.4,Credit Card,Delivered
FD001267,2025-01-21,C0282,Mumbai,Sweet Truth,Biryani,1,391.12,45,39.11,397.01,28,4.9,Debit Card,Delivered
FD001268,2025-05-17,C0022,Mumbai,Wok & Roll,Pizza,4,2276.72,45,113.84,2207.88,52,4.5,Debit Card,Delivered
FD001269,2025-12-14,C0238,Mumbai,Wok & Roll,Chinese,3,1165.76,25,0.0,0.0,33,4.5,Debit Card,Cancelled
FD001270,2025-01-18,C0538,Chennai,Spice Route,Pizza,4,1617.56,25,80.88,1561.68,47,4.1,Cash,Delivered
FD001271,2025-05-15,C0776,Kolkata,Sweet Truth,Biryani,3,896.06,35,179.21,751.85,49,4.0,UPI,Delivered
FD001272,2025-02-09,C0494,Pune,Burger Lab,Chinese,4,1785.92,35,89.3,1731.62,49,4.3,UPI,Delivered
FD001273,2025-12-07,C0570,Kolkata,Urban Tadka,Burgers,4,1303.81,65,130.38,1238.43,42,4.6,Cash,Delivered
FD001274,2025-09-04,C0536,Delhi,The Biryani House,South Indian,2,526.95,25,26.35,0.0,34,4.6,Credit Card,Cancelled
FD001275,2025-10-06,C0756,Delhi,The Biryani House,North Indian,3,1272.61,25,190.89,1106.72,33,4.6,Credit Card,Delivered
FD001276,2025-09-18,C0753,Mumbai,Dosa Corner,Biryani,2,617.78,35,30.89,621.89,31,4.5,UPI,Delivered
FD001277,2025-08-28,C0092,Chennai,Pizza District,North Indian,4,1559.91,25,78.0,1506.91,12,4.4,UPI,Delivered
FD001278,2025-10-10,C0379,Bengaluru,Dosa Corner,North Indian,3,1327.83,25,199.17,1153.66,43,4.5,Credit Card,Delivered
FD001279,2025-01-03,C0727,Mumbai,Burger Lab,North Indian,2,905.78,35,0.0,940.78,37,3.9,Wallet,Delivered
FD001280,2025-11-12,C0706,Hyderabad,The Biryani House,South Indian,3,649.79,35,64.98,619.81,44,4.4,UPI,Delivered
FD001281,2025-09-28,C0428,Hyderabad,Pizza District,South Indian,2,498.47,25,24.92,498.55,33,4.7,UPI,Delivered
FD001282,2025-09-27,C0356,Kolkata,Dosa Corner,South Indian,3,627.89,45,125.58,547.31,42,3.9,UPI,Delivered
FD001283,2025-05-24,C0047,Hyderabad,Pizza District,South Indian,2,564.41,45,56.44,552.97,17,4.7,Credit Card,Delivered
FD001284,2025-10-20,C0383,Mumbai,Burger Lab,Biryani,2,637.09,25,0.0,0.0,20,5.0,UPI,Cancelled
FD001285,2025-05-20,C0406,Mumbai,Spice Route,Healthy,4,1406.05,55,210.91,1250.14,12,5.0,Debit Card,Delivered
FD001286,2025-01-18,C0507,Hyderabad,Pizza District,Chinese,1,340.66,35,34.07,341.59,32,4.1,UPI,Delivered
FD001287,2025-11-28,C0418,Kolkata,Wok & Roll,Desserts,4,849.74,65,84.97,829.77,25,5.0,UPI,Delivered
FD001288,2025-03-27,C0173,Hyderabad,The Biryani House,Burgers,1,323.65,65,0.0,0.0,23,4.5,UPI,Cancelled
FD001289,2025-02-07,C0775,Kolkata,Dosa Corner,Biryani,1,328.68,35,0.0,0.0,38,3.7,UPI,Cancelled
FD001290,2025-08-15,C0174,Pune,Urban Tadka,Chinese,1,425.0,35,42.5,417.5,29,4.8,Cash,Delivered
FD001291,2025-03-27,C0307,Bengaluru,Dosa Corner,Chinese,1,434.55,55,21.73,467.82,17,4.6,Cash,Delivered
FD001292,2025-11-10,C0408,Hyderabad,Spice Route,Burgers,1,346.26,35,51.94,0.0,65,3.8,Debit Card,Cancelled
FD001293,2025-06-11,C0235,Bengaluru,Pizza District,Pizza,4,1800.82,25,0.0,1825.82,34,4.2,Cash,Delivered
FD001294,2025-01-02,C0055,Chennai,Wok & Roll,Pizza,4,2101.88,45,210.19,0.0,21,5.0,UPI,Cancelled
FD001295,2025-12-14,C0489,Bengaluru,The Biryani House,Chinese,3,1163.36,35,0.0,1198.36,26,4.7,Cash,Delivered
FD001296,2025-07-07,C0190,Ahmedabad,Wok & Roll,Burgers,1,315.95,55,31.59,339.36,32,3.6,Credit Card,Delivered
FD001297,2025-04-06,C0704,Bengaluru,Sweet Truth,Healthy,4,1283.94,45,0.0,1328.94,32,4.6,Debit Card,Delivered
FD001298,2025-09-05,C0635,Pune,Pizza District,Biryani,3,1094.5,55,54.73,1094.77,50,3.9,Credit Card,Delivered
FD001299,2025-07-13,C0343,Hyderabad,Wok & Roll,Pizza,3,1244.07,45,0.0,0.0,33,5.0,UPI,Cancelled
FD001300,2025-01-11,C0371,Ahmedabad,Sweet Truth,Pizza,4,1857.64,45,185.76,0.0,56,4.0,UPI,Cancelled
FD001301,2025-10-05,C0760,Bengaluru,Sweet Truth,Chinese,2,665.99,45,0.0,710.99,29,4.8,UPI,Delivered
FD001302,2025-05-27,C0022,Chennai,Spice Route,Chinese,2,695.39,65,69.54,690.85,39,4.1,UPI,Delivered
FD001303,2025-09-13,C0303,Mumbai,Burger Lab,South Indian,4,826.52,65,0.0,891.52,46,3.9,Credit Card,Delivered
FD001304,2025-11-23,C0049,Hyderabad,Dosa Corner,Healthy,3,865.59,55,86.56,834.03,48,4.1,Wallet,Delivered
FD001305,2025-08-11,C0111,Pune,Sweet Truth,Pizza,3,1596.93,55,159.69,1492.24,50,3.9,UPI,Delivered
FD001306,2025-09-03,C0736,Bengaluru,Dosa Corner,South Indian,3,735.11,45,0.0,0.0,31,5.0,Credit Card,Cancelled
FD001307,2025-04-03,C0082,Mumbai,Spice Route,Biryani,4,1152.58,35,0.0,1187.58,34,4.4,Credit Card,Delivered
FD001308,2025-03-28,C0766,Mumbai,Dosa Corner,Pizza,2,1067.02,55,0.0,0.0,12,4.6,UPI,Cancelled
FD001309,2025-06-01,C0628,Mumbai,Dosa Corner,Burgers,1,352.54,25,35.25,0.0,32,4.2,UPI,Cancelled
FD001310,2025-11-08,C0513,Hyderabad,Wok & Roll,Biryani,2,804.19,35,160.84,678.35,47,4.5,UPI,Delivered
FD001311,2025-07-11,C0594,Hyderabad,Spice Route,South Indian,3,809.68,35,0.0,844.68,45,4.1,Credit Card,Delivered
FD001312,2025-05-08,C0148,Hyderabad,Urban Tadka,South Indian,4,1141.17,45,114.12,0.0,33,4.4,UPI,Cancelled
FD001313,2025-10-12,C0094,Bengaluru,The Biryani House,Desserts,2,420.31,45,42.03,0.0,54,4.3,UPI,Cancelled
FD001314,2025-11-08,C0295,Hyderabad,Dosa Corner,Chinese,3,1336.89,25,133.69,1228.2,29,4.3,UPI,Delivered
FD001315,2025-11-26,C0612,Ahmedabad,Urban Tadka,Chinese,4,1774.64,25,88.73,1710.91,25,3.9,Cash,Delivered
FD001316,2025-04-20,C0245,Mumbai,Burger Lab,Burgers,4,1134.72,35,226.94,942.78,28,4.3,Cash,Delivered
FD001317,2025-09-17,C0141,Delhi,Urban Tadka,Biryani,4,1599.35,35,79.97,1554.38,21,4.9,UPI,Delivered
FD001318,2025-08-04,C0629,Bengaluru,Dosa Corner,Biryani,4,1561.6,25,234.24,1352.36,41,4.2,Debit Card,Delivered
FD001319,2025-06-13,C0508,Bengaluru,Spice Route,South Indian,3,796.79,45,0.0,841.79,37,3.8,Wallet,Delivered
FD001320,2025-05-25,C0430,Mumbai,Urban Tadka,Healthy,2,744.59,35,111.69,667.9,41,4.6,UPI,Delivered
FD001321,2025-02-11,C0330,Bengaluru,Spice Route,Biryani,2,672.19,35,134.44,572.75,29,4.6,UPI,Delivered
FD001322,2025-04-11,C0624,Bengaluru,Wok & Roll,Chinese,3,1094.72,35,164.21,965.51,33,4.6,UPI,Delivered
FD001323,2025-07-20,C0588,Chennai,Dosa Corner,Desserts,1,214.28,45,0.0,259.28,12,5.0,UPI,Delivered
FD001324,2025-11-20,C0289,Mumbai,Pizza District,North Indian,3,1300.62,55,195.09,1160.53,39,3.9,Cash,Delivered
FD001325,2025-11-13,C0104,Ahmedabad,Wok & Roll,Chinese,3,1301.23,25,0.0,1326.23,35,4.5,Cash,Delivered
FD001326,2025-03-10,C0696,Bengaluru,Burger Lab,South Indian,3,824.11,35,82.41,0.0,21,5.0,Credit Card,Cancelled
FD001327,2025-09-05,C0110,Mumbai,Pizza District,South Indian,2,521.28,45,0.0,566.28,33,4.9,UPI,Delivered
FD001328,2025-01-31,C0344,Hyderabad,Dosa Corner,North Indian,3,1399.54,25,139.95,1284.59,31,4.8,Cash,Delivered
FD001329,2025-09-04,C0717,Bengaluru,The Biryani House,Biryani,1,308.76,55,15.44,348.32,55,4.1,UPI,Delivered
FD001330,2025-05-05,C0334,Delhi,Urban Tadka,Healthy,3,1136.75,65,0.0,1201.75,21,4.2,UPI,Delivered
FD001331,2025-06-14,C0666,Hyderabad,Urban Tadka,Biryani,4,1174.15,45,0.0,1219.15,38,4.3,UPI,Delivered
FD001332,2025-09-19,C0392,Mumbai,Urban Tadka,North Indian,4,1624.48,65,0.0,1689.48,21,4.4,Cash,Delivered
FD001333,2025-06-05,C0597,Chennai,Spice Route,Biryani,4,1187.98,35,59.4,1163.58,27,5.0,Debit Card,Delivered
FD001334,2025-10-22,C0474,Hyderabad,Spice Route,Pizza,2,986.75,35,148.01,873.74,37,4.8,Credit Card,Delivered
FD001335,2025-07-14,C0225,Ahmedabad,Spice Route,Biryani,1,336.88,25,33.69,328.19,31,4.2,Debit Card,Delivered
FD001336,2025-12-31,C0716,Chennai,Urban Tadka,Burgers,3,770.78,25,77.08,718.7,34,4.4,UPI,Delivered
FD001337,2025-08-21,C0374,Pune,Burger Lab,Pizza,1,507.96,35,76.19,466.77,38,4.4,UPI,Delivered
FD001338,2025-04-19,C0367,Chennai,Urban Tadka,Biryani,2,764.5,35,38.22,0.0,28,4.9,Cash,Cancelled
FD001339,2025-10-10,C0527,Ahmedabad,Wok & Roll,Burgers,3,802.86,45,40.14,807.72,45,3.6,Cash,Delivered
FD001340,2025-05-29,C0745,Bengaluru,Spice Route,Burgers,3,983.12,25,49.16,958.96,30,3.8,Credit Card,Delivered
FD001341,2025-07-14,C0698,Chennai,Dosa Corner,Desserts,3,536.36,45,0.0,581.36,33,4.5,UPI,Delivered
FD001342,2025-02-19,C0315,Pune,The Biryani House,North Indian,4,1372.71,25,137.27,1260.44,38,3.5,Wallet,Delivered
FD001343,2025-02-13,C0186,Bengaluru,Pizza District,South Indian,1,208.41,35,20.84,222.57,37,4.4,UPI,Delivered
FD001344,2025-07-29,C0260,Chennai,Burger Lab,Biryani,4,1458.71,25,145.87,1337.84,42,4.5,UPI,Delivered
FD001345,2025-03-10,C0211,Ahmedabad,Sweet Truth,Pizza,3,1595.22,45,159.52,1480.7,38,4.8,UPI,Delivered
FD001346,2025-12-31,C0237,Mumbai,Dosa Corner,North Indian,2,824.67,45,0.0,0.0,40,4.1,UPI,Cancelled
FD001347,2025-11-09,C0345,Delhi,Pizza District,Biryani,2,785.29,45,78.53,751.76,30,4.6,Credit Card,Delivered
FD001348,2025-09-13,C0017,Delhi,The Biryani House,Burgers,3,947.45,25,0.0,972.45,21,5.0,Credit Card,Delivered
FD001349,2025-09-26,C0427,Pune,The Biryani House,Healthy,3,1080.52,35,162.08,953.44,17,4.5,UPI,Delivered
FD001350,2025-08-06,C0680,Kolkata,Spice Route,Healthy,2,764.25,65,0.0,829.25,14,5.0,UPI,Delivered
FD001351,2025-01-23,C0345,Mumbai,The Biryani House,Burgers,1,292.66,25,14.63,303.03,55,4.0,Credit Card,Delivered
FD001352,2025-05-24,C0064,Bengaluru,Dosa Corner,South Indian,1,208.64,35,10.43,233.21,12,4.8,Credit Card,Delivered
FD001353,2025-06-30,C0312,Hyderabad,The Biryani House,Burgers,2,526.28,25,0.0,551.28,48,4.1,UPI,Delivered
FD001354,2025-12-01,C0268,Mumbai,Pizza District,Desserts,2,422.01,25,21.1,425.91,24,4.7,UPI,Delivered
FD001355,2025-03-22,C0476,Pune,Spice Route,Biryani,3,1073.29,35,0.0,1108.29,48,4.4,Cash,Delivered
FD001356,2025-07-01,C0201,Chennai,The Biryani House,Biryani,4,1238.01,25,123.8,1139.21,12,4.9,Wallet,Delivered
FD001357,2025-05-06,C0241,Hyderabad,Spice Route,South Indian,1,275.27,45,41.29,278.98,31,4.6,UPI,Delivered
FD001358,2025-02-19,C0596,Bengaluru,Pizza District,Pizza,2,1128.26,65,0.0,1193.26,51,3.8,Debit Card,Delivered
FD001359,2025-02-07,C0141,Mumbai,The Biryani House,South Indian,1,218.04,25,10.9,232.14,43,3.9,Cash,Delivered
FD001360,2025-05-14,C0747,Pune,Sweet Truth,Burgers,4,1085.58,25,162.84,947.74,30,4.6,UPI,Delivered
FD001361,2025-01-31,C0239,Hyderabad,Wok & Roll,North Indian,3,1064.09,55,53.2,1065.89,12,4.7,Cash,Delivered
FD001362,2025-01-25,C0654,Mumbai,The Biryani House,North Indian,1,380.81,35,57.12,358.69,18,5.0,Credit Card,Delivered
FD001363,2025-05-09,C0066,Pune,Wok & Roll,Chinese,2,859.88,55,42.99,871.89,51,4.2,Credit Card,Delivered
FD001364,2025-03-15,C0256,Ahmedabad,Sweet Truth,Desserts,3,632.67,35,31.63,0.0,30,4.3,Credit Card,Cancelled
FD001365,2025-07-22,C0302,Hyderabad,Urban Tadka,Pizza,4,1609.18,45,0.0,0.0,33,4.5,UPI,Cancelled
FD001366,2025-01-07,C0365,Ahmedabad,The Biryani House,Chinese,3,1126.12,65,0.0,0.0,37,4.1,Debit Card,Cancelled
FD001367,2025-04-21,C0074,Mumbai,Wok & Roll,Pizza,2,812.88,25,81.29,756.59,18,4.3,Debit Card,Delivered
FD001368,2025-06-15,C0198,Pune,Spice Route,North Indian,3,1150.91,55,172.64,1033.27,39,4.1,UPI,Delivered
FD001369,2025-12-18,C0702,Hyderabad,Wok & Roll,North Indian,3,1149.69,45,0.0,1194.69,29,4.6,Credit Card,Delivered
FD001370,2025-08-20,C0740,Mumbai,Urban Tadka,North Indian,3,1260.23,55,189.03,1126.2,38,4.5,Wallet,Delivered
FD001371,2025-11-18,C0353,Delhi,Dosa Corner,North Indian,1,405.19,25,20.26,409.93,27,4.7,Cash,Delivered
FD001372,2025-05-06,C0095,Bengaluru,Dosa Corner,Healthy,3,1108.97,35,55.45,0.0,15,5.0,Credit Card,Cancelled
FD001373,2025-06-14,C0221,Chennai,Spice Route,Pizza,1,392.96,25,58.94,0.0,29,4.2,UPI,Cancelled
FD001374,2025-06-03,C0762,Mumbai,Wok & Roll,Healthy,4,1429.26,65,214.39,1279.87,42,4.1,UPI,Delivered
FD001375,2025-11-20,C0736,Mumbai,Urban Tadka,Chinese,4,1243.01,25,62.15,1205.86,39,4.9,UPI,Delivered
FD001376,2025-12-17,C0651,Hyderabad,Wok & Roll,Burgers,3,847.94,25,0.0,0.0,34,3.8,Cash,Cancelled
FD001377,2025-12-18,C0691,Chennai,Wok & Roll,Chinese,3,1301.19,55,0.0,1356.19,45,4.0,Debit Card,Delivered
FD001378,2025-10-02,C0570,Bengaluru,Sweet Truth,Pizza,1,515.66,35,0.0,550.66,32,4.1,Cash,Delivered
FD001379,2025-07-03,C0499,Kolkata,Urban Tadka,Pizza,4,1685.21,45,168.52,1561.69,35,4.4,UPI,Delivered
FD001380,2025-07-17,C0620,Ahmedabad,Wok & Roll,Pizza,2,958.65,35,0.0,993.65,28,4.4,Wallet,Delivered
FD001381,2025-12-24,C0518,Bengaluru,Sweet Truth,Biryani,2,762.03,45,76.2,730.83,45,4.4,Wallet,Delivered
FD001382,2025-04-14,C0272,Hyderabad,Spice Route,Chinese,3,1326.03,25,0.0,1351.03,37,4.5,Debit Card,Delivered
FD001383,2025-05-07,C0513,Bengaluru,The Biryani House,North Indian,4,1671.86,35,83.59,0.0,27,4.2,Cash,Cancelled
FD001384,2025-11-24,C0237,Chennai,Burger Lab,South Indian,2,394.49,45,19.72,0.0,16,4.7,Credit Card,Cancelled
FD001385,2025-05-22,C0501,Kolkata,Spice Route,Chinese,3,1137.62,35,56.88,1115.74,47,4.1,UPI,Delivered
FD001386,2025-03-27,C0306,Mumbai,Urban Tadka,Burgers,3,795.5,35,79.55,750.95,25,4.9,UPI,Delivered
FD001387,2025-07-24,C0390,Hyderabad,Sweet Truth,Burgers,2,506.04,25,101.21,0.0,35,5.0,UPI,Cancelled
FD001388,2025-04-29,C0146,Hyderabad,Wok & Roll,Pizza,3,1496.79,45,224.52,1317.27,62,4.0,UPI,Delivered
FD001389,2025-11-22,C0766,Bengaluru,Spice Route,North Indian,4,1757.71,25,175.77,1606.94,44,3.8,Debit Card,Delivered
FD001390,2025-11-28,C0598,Kolkata,Dosa Corner,Pizza,2,793.13,35,0.0,828.13,53,3.9,UPI,Delivered
FD001391,2025-04-22,C0086,Delhi,Wok & Roll,South Indian,4,1065.23,35,159.78,940.45,28,4.7,UPI,Delivered
FD001392,2025-07-13,C0381,Mumbai,Pizza District,Desserts,4,877.57,35,131.64,0.0,47,3.9,UPI,Cancelled
FD001393,2025-12-26,C0364,Bengaluru,Sweet Truth,Chinese,4,1661.64,45,249.25,1457.39,34,4.6,Debit Card,Delivered
FD001394,2025-09-28,C0709,Ahmedabad,The Biryani House,North Indian,3,1077.99,35,53.9,1059.09,38,3.6,Wallet,Delivered
FD001395,2025-03-20,C0605,Bengaluru,Pizza District,Pizza,4,1846.54,55,0.0,1901.54,58,4.0,UPI,Delivered
FD001396,2025-08-04,C0703,Pune,Wok & Roll,North Indian,3,1021.57,45,102.16,0.0,31,4.4,Debit Card,Cancelled
FD001397,2025-08-15,C0374,Kolkata,Urban Tadka,South Indian,4,866.96,55,43.35,878.61,34,4.4,Wallet,Delivered
FD001398,2025-08-27,C0125,Mumbai,Urban Tadka,Desserts,3,564.94,45,0.0,609.94,23,5.0,Debit Card,Delivered
FD001399,2025-01-10,C0578,Kolkata,Urban Tadka,South Indian,4,896.27,25,44.81,0.0,45,3.7,Debit Card,Cancelled
FD001400,2025-04-20,C0176,Bengaluru,The Biryani House,North Indian,4,1395.37,65,139.54,0.0,27,4.7,Credit Card,Cancelled
FD001401,2025-11-08,C0510,Delhi,Spice Route,Healthy,4,1142.47,55,0.0,1197.47,46,4.4,Wallet,Delivered
FD001402,2025-03-30,C0329,Hyderabad,Wok & Roll,Burgers,3,1054.86,45,105.49,994.37,14,5.0,UPI,Delivered
FD001403,2025-04-20,C0280,Chennai,Sweet Truth,North Indian,3,1321.43,25,132.14,1214.29,41,3.7,Debit Card,Delivered
FD001404,2025-04-28,C0096,Bengaluru,The Biryani House,Desserts,4,766.1,25,38.3,752.8,26,5.0,UPI,Delivered
FD001405,2025-03-06,C0641,Hyderabad,Spice Route,Burgers,2,713.91,45,0.0,758.91,43,4.2,UPI,Delivered
FD001406,2025-02-26,C0552,Hyderabad,Spice Route,Healthy,1,291.77,35,43.77,283.0,34,4.3,Debit Card,Delivered
FD001407,2025-05-07,C0274,Bengaluru,Urban Tadka,Burgers,4,1177.95,45,58.9,1164.05,28,4.5,Cash,Delivered
FD001408,2025-11-16,C0591,Mumbai,Wok & Roll,Chinese,3,1272.72,35,63.64,1244.08,29,4.4,Cash,Delivered
FD001409,2025-01-01,C0790,Chennai,Pizza District,Biryani,2,687.81,45,34.39,698.42,24,4.3,Wallet,Delivered
FD001410,2025-04-14,C0578,Bengaluru,Pizza District,Pizza,3,1298.11,25,64.91,1258.2,44,4.3,Debit Card,Delivered
FD001411,2025-01-23,C0760,Ahmedabad,Dosa Corner,North Indian,1,377.96,25,37.8,0.0,21,4.6,Credit Card,Cancelled
FD001412,2025-07-24,C0377,Ahmedabad,Pizza District,Burgers,2,610.67,25,0.0,635.67,31,4.8,Wallet,Delivered
FD001413,2025-04-02,C0302,Hyderabad,Wok & Roll,Burgers,2,638.37,55,95.76,597.61,38,4.5,UPI,Delivered
FD001414,2025-10-17,C0675,Chennai,Sweet Truth,Pizza,2,927.64,45,0.0,972.64,53,4.5,UPI,Delivered
FD001415,2025-08-02,C0531,Delhi,Urban Tadka,Chinese,4,1477.57,65,295.51,0.0,34,4.4,Credit Card,Cancelled
FD001416,2025-10-14,C0485,Delhi,Spice Route,Desserts,3,555.97,45,55.6,0.0,31,4.2,Credit Card,Cancelled
FD001417,2025-08-20,C0514,Chennai,Urban Tadka,North Indian,1,403.07,55,0.0,458.07,37,3.9,Debit Card,Delivered
FD001418,2025-06-10,C0795,Pune,Urban Tadka,Biryani,2,628.38,45,62.84,610.54,12,5.0,Cash,Delivered
FD001419,2025-11-11,C0550,Hyderabad,Dosa Corner,Chinese,1,431.99,55,0.0,486.99,20,5.0,UPI,Delivered
FD001420,2025-06-23,C0653,Bengaluru,Sweet Truth,Burgers,4,1335.28,65,267.06,0.0,29,4.3,Cash,Cancelled
FD001421,2025-12-13,C0029,Delhi,Wok & Roll,South Indian,2,464.67,45,46.47,463.2,25,5.0,Credit Card,Delivered
FD001422,2025-12-30,C0578,Delhi,Urban Tadka,Burgers,2,667.61,25,33.38,659.23,15,5.0,Wallet,Delivered
FD001423,2025-08-03,C0255,Pune,Dosa Corner,Burgers,2,496.62,45,24.83,516.79,44,3.7,UPI,Delivered
FD001424,2025-09-04,C0099,Hyderabad,Sweet Truth,Burgers,1,287.29,25,57.46,254.83,37,4.1,Credit Card,Delivered
FD001425,2025-04-04,C0222,Hyderabad,Pizza District,Chinese,4,1482.73,25,148.27,1359.46,36,4.4,Debit Card,Delivered
FD001426,2025-10-25,C0667,Hyderabad,Burger Lab,Chinese,3,1124.75,45,56.24,1113.51,26,4.3,Credit Card,Delivered
FD001427,2025-09-03,C0655,Hyderabad,Wok & Roll,Burgers,2,667.96,55,33.4,689.56,35,4.4,UPI,Delivered
FD001428,2025-11-26,C0245,Hyderabad,Wok & Roll,North Indian,2,934.81,25,0.0,959.81,40,4.5,UPI,Delivered
FD001429,2025-04-08,C0154,Mumbai,The Biryani House,Desserts,3,582.78,25,58.28,549.5,31,4.0,UPI,Delivered
FD001430,2025-10-15,C0336,Mumbai,The Biryani House,Pizza,1,453.81,55,45.38,463.43,39,4.4,Credit Card,Delivered
FD001431,2025-06-21,C0266,Delhi,The Biryani House,Desserts,4,848.04,25,127.21,745.83,24,5.0,Debit Card,Delivered
FD001432,2025-03-09,C0371,Chennai,The Biryani House,North Indian,3,1094.49,25,109.45,1010.04,35,4.6,Credit Card,Delivered
FD001433,2025-03-04,C0628,Hyderabad,Dosa Corner,Biryani,1,303.8,45,30.38,318.42,48,4.1,Debit Card,Delivered
FD001434,2025-07-25,C0266,Delhi,Dosa Corner,Chinese,3,1336.44,55,66.82,1324.62,49,3.8,UPI,Delivered
FD001435,2025-04-27,C0139,Hyderabad,Spice Route,Pizza,4,2149.34,45,214.93,1979.41,50,4.3,UPI,Delivered
FD001436,2025-02-07,C0087,Kolkata,Spice Route,Desserts,1,238.8,45,11.94,271.86,37,4.0,Debit Card,Delivered
FD001437,2025-06-05,C0549,Hyderabad,Pizza District,Pizza,3,1288.94,35,193.34,1130.6,34,4.5,Debit Card,Delivered
FD001438,2025-08-27,C0160,Mumbai,Dosa Corner,South Indian,3,589.86,35,0.0,0.0,29,4.6,Debit Card,Cancelled
FD001439,2025-04-27,C0176,Kolkata,Wok & Roll,Pizza,4,1878.33,55,187.83,1745.5,12,5.0,Debit Card,Delivered
FD001440,2025-12-15,C0643,Mumbai,Dosa Corner,Chinese,3,1324.42,55,198.66,0.0,18,4.6,Wallet,Cancelled
FD001441,2025-10-12,C0075,Mumbai,Burger Lab,Healthy,3,838.33,35,83.83,789.5,32,4.3,Wallet,Delivered
FD001442,2025-07-07,C0522,Delhi,Burger Lab,Burgers,4,1044.14,35,0.0,1079.14,33,4.0,Debit Card,Delivered
FD001443,2025-12-08,C0010,Hyderabad,Wok & Roll,North Indian,4,1331.51,35,133.15,1233.36,51,4.2,UPI,Delivered
FD001444,2025-06-08,C0755,Delhi,Spice Route,Healthy,2,712.43,25,0.0,737.43,50,3.9,UPI,Delivered
FD001445,2025-02-20,C0571,Kolkata,Urban Tadka,North Indian,3,1322.35,35,0.0,1357.35,26,4.3,Debit Card,Delivered
FD001446,2025-01-14,C0657,Ahmedabad,Burger Lab,Biryani,1,377.49,25,37.75,364.74,44,3.9,Credit Card,Delivered
FD001447,2025-12-09,C0534,Chennai,The Biryani House,North Indian,4,1322.08,55,198.31,1178.77,28,4.8,UPI,Delivered
FD001448,2025-12-17,C0322,Bengaluru,Burger Lab,Biryani,4,1524.79,35,0.0,1559.79,42,3.9,UPI,Delivered
FD001449,2025-09-27,C0797,Pune,The Biryani House,Burgers,2,598.63,45,89.79,553.84,44,3.8,Wallet,Delivered
FD001450,2025-02-07,C0629,Mumbai,Spice Route,North Indian,3,1038.79,45,51.94,1031.85,49,4.4,UPI,Delivered
FD001451,2025-04-18,C0072,Bengaluru,Burger Lab,South Indian,4,887.43,55,133.11,809.32,28,4.5,Debit Card,Delivered
FD001452,2025-01-15,C0462,Hyderabad,Sweet Truth,Chinese,1,379.41,65,37.94,406.47,46,4.5,Cash,Delivered
FD001453,2025-01-19,C0435,Hyderabad,Pizza District,Burgers,3,856.72,35,128.51,763.21,12,4.9,Debit Card,Delivered
FD001454,2025-03-31,C0230,Chennai,Urban Tadka,North Indian,4,1873.79,25,281.07,1617.72,50,4.0,UPI,Delivered
FD001455,2025-07-28,C0365,Hyderabad,Pizza District,South Indian,4,952.81,45,190.56,807.25,34,4.5,Cash,Delivered
FD001456,2025-01-24,C0781,Hyderabad,Sweet Truth,Burgers,1,290.48,25,29.05,286.43,34,4.9,Debit Card,Delivered
FD001457,2025-12-26,C0070,Hyderabad,The Biryani House,North Indian,4,1695.25,35,0.0,1730.25,12,5.0,UPI,Delivered
FD001458,2025-06-16,C0743,Ahmedabad,Spice Route,Pizza,4,2033.6,25,101.68,1956.92,29,5.0,Credit Card,Delivered
FD001459,2025-04-07,C0561,Hyderabad,Dosa Corner,Biryani,1,285.32,55,28.53,0.0,50,3.8,UPI,Cancelled
FD001460,2025-07-08,C0090,Hyderabad,Urban Tadka,South Indian,3,753.84,25,0.0,778.84,29,4.2,Debit Card,Delivered
FD001461,2025-10-16,C0245,Chennai,Spice Route,Healthy,3,877.09,35,131.56,780.53,43,4.5,Cash,Delivered
FD001462,2025-04-25,C0672,Bengaluru,Burger Lab,Pizza,4,1833.17,35,0.0,1868.17,34,4.9,Credit Card,Delivered
FD001463,2025-01-18,C0563,Ahmedabad,The Biryani House,Pizza,1,518.56,45,77.78,0.0,47,4.5,Wallet,Cancelled
FD001464,2025-01-19,C0063,Kolkata,Urban Tadka,Biryani,4,1436.53,35,71.83,0.0,36,4.4,Credit Card,Cancelled
FD001465,2025-11-07,C0118,Chennai,Spice Route,North Indian,3,1133.95,55,170.09,1018.86,23,5.0,Cash,Delivered
FD001466,2025-02-10,C0744,Chennai,Urban Tadka,Pizza,2,840.94,45,168.19,717.75,35,4.7,Debit Card,Delivered
FD001467,2025-08-20,C0127,Chennai,Urban Tadka,Chinese,2,760.07,35,38.0,757.07,53,4.0,UPI,Delivered
FD001468,2025-05-21,C0500,Hyderabad,Spice Route,Healthy,4,1206.49,35,120.65,1120.84,40,4.4,Cash,Delivered
FD001469,2025-10-11,C0797,Bengaluru,The Biryani House,Biryani,4,1625.68,55,0.0,0.0,33,4.5,Cash,Cancelled
FD001470,2025-01-23,C0134,Hyderabad,Dosa Corner,Chinese,2,768.36,55,115.25,708.11,61,3.5,UPI,Delivered
FD001471,2025-11-24,C0036,Hyderabad,Pizza District,Chinese,4,1727.06,35,259.06,1503.0,48,3.9,Debit Card,Delivered
FD001472,2025-09-12,C0654,Mumbai,Spice Route,Desserts,3,585.13,35,0.0,620.13,44,4.0,UPI,Delivered
FD001473,2025-06-13,C0760,Hyderabad,Sweet Truth,Burgers,1,343.07,25,0.0,0.0,38,3.8,UPI,Cancelled
FD001474,2025-03-17,C0413,Hyderabad,Burger Lab,Burgers,3,762.09,25,38.1,748.99,43,4.3,UPI,Delivered
FD001475,2025-12-23,C0187,Mumbai,Sweet Truth,Biryani,4,1298.6,25,0.0,1323.6,43,4.2,Credit Card,Delivered
FD001476,2025-04-21,C0048,Chennai,Wok & Roll,Desserts,1,171.02,25,25.65,170.37,12,5.0,UPI,Delivered
FD001477,2025-06-29,C0730,Hyderabad,Pizza District,Desserts,1,167.44,25,0.0,192.44,39,4.8,UPI,Delivered
FD001478,2025-05-24,C0639,Hyderabad,Wok & Roll,Biryani,1,407.21,55,61.08,401.13,32,5.0,Wallet,Delivered
FD001479,2025-03-26,C0718,Hyderabad,Spice Route,Burgers,3,990.9,55,198.18,847.72,28,5.0,Credit Card,Delivered
FD001480,2025-06-02,C0631,Bengaluru,Pizza District,North Indian,1,416.58,55,62.49,409.09,32,4.2,Cash,Delivered
FD001481,2025-02-25,C0347,Pune,Pizza District,Biryani,4,1423.29,45,142.33,0.0,15,4.4,UPI,Cancelled
FD001482,2025-01-01,C0386,Kolkata,The Biryani House,Pizza,1,493.66,45,0.0,538.66,12,5.0,UPI,Delivered
FD001483,2025-04-16,C0306,Chennai,Dosa Corner,Chinese,1,399.15,25,59.87,364.28,49,4.6,Debit Card,Delivered
FD001484,2025-02-10,C0585,Chennai,Sweet Truth,Pizza,2,1080.88,45,108.09,1017.79,40,4.8,UPI,Delivered
FD001485,2025-06-01,C0081,Delhi,Pizza District,Pizza,4,1994.53,35,398.91,1630.62,12,5.0,Credit Card,Delivered
FD001486,2025-11-11,C0033,Delhi,Dosa Corner,Burgers,4,1335.84,45,66.79,1314.05,27,3.9,Wallet,Delivered
FD001487,2025-03-01,C0770,Hyderabad,Urban Tadka,Biryani,2,644.74,65,0.0,0.0,45,4.3,UPI,Cancelled
FD001488,2025-01-01,C0255,Hyderabad,Sweet Truth,Chinese,3,1343.0,55,268.6,1129.4,31,4.7,Credit Card,Delivered
FD001489,2025-02-10,C0028,Chennai,Burger Lab,South Indian,4,791.61,35,118.74,707.87,49,4.5,Debit Card,Delivered
FD001490,2025-07-05,C0539,Mumbai,Burger Lab,Chinese,4,1451.89,45,0.0,1496.89,47,4.6,UPI,Delivered
FD001491,2025-04-11,C0320,Hyderabad,Wok & Roll,Biryani,1,402.31,25,40.23,387.08,18,5.0,Debit Card,Delivered
FD001492,2025-06-28,C0185,Bengaluru,Dosa Corner,North Indian,4,1398.67,25,0.0,1423.67,32,4.3,Credit Card,Delivered
FD001493,2025-01-11,C0348,Bengaluru,Wok & Roll,Biryani,4,1215.19,25,121.52,0.0,29,4.2,UPI,Cancelled
FD001494,2025-05-02,C0361,Bengaluru,Sweet Truth,Desserts,3,579.41,25,28.97,575.44,17,5.0,Credit Card,Delivered
FD001495,2025-05-30,C0490,Chennai,Burger Lab,Burgers,3,890.87,45,44.54,891.33,17,4.6,Credit Card,Delivered
FD001496,2025-06-07,C0746,Delhi,Pizza District,Desserts,2,473.74,35,0.0,508.74,24,5.0,Debit Card,Delivered
FD001497,2025-07-21,C0705,Mumbai,Urban Tadka,Pizza,4,2168.7,25,0.0,2193.7,26,4.1,Wallet,Delivered
FD001498,2025-10-12,C0662,Bengaluru,Sweet Truth,Biryani,4,1386.9,65,69.34,1382.56,37,4.6,Debit Card,Delivered
FD001499,2025-06-20,C0394,Hyderabad,Spice Route,Chinese,3,1341.37,45,0.0,0.0,47,4.2,UPI,Cancelled
FD001500,2025-11-04,C0447,Pune,Spice Route,Biryani,3,1111.27,35,55.56,0.0,40,4.2,Wallet,Cancelled
FD001501,2025-07-13,C0106,Chennai,Spice Route,Pizza,2,1098.01,45,109.8,1033.21,43,3.9,Debit Card,Delivered
FD001502,2025-04-06,C0462,Hyderabad,Spice Route,South Indian,3,652.17,45,65.22,631.95,31,3.8,UPI,Delivered
FD001503,2025-03-25,C0538,Bengaluru,Urban Tadka,North Indian,1,396.09,35,39.61,391.48,41,4.1,UPI,Delivered
FD001504,2025-04-28,C0710,Pune,Pizza District,Biryani,4,1155.81,45,0.0,1200.81,32,4.3,UPI,Delivered
FD001505,2025-08-07,C0038,Pune,The Biryani House,North Indian,3,971.51,55,0.0,1026.51,29,5.0,UPI,Delivered
FD001506,2025-03-30,C0691,Kolkata,Pizza District,Desserts,3,657.96,35,98.69,594.27,57,3.6,Credit Card,Delivered
FD001507,2025-11-30,C0415,Mumbai,Pizza District,North Indian,1,340.3,35,51.05,324.25,12,5.0,UPI,Delivered
FD001508,2025-06-25,C0071,Chennai,Pizza District,South Indian,3,734.55,25,146.91,612.64,12,4.5,Wallet,Delivered
FD001509,2025-11-12,C0797,Chennai,Spice Route,South Indian,1,258.34,55,51.67,261.67,39,4.5,Credit Card,Delivered
FD001510,2025-09-07,C0373,Hyderabad,Wok & Roll,Chinese,4,1248.5,35,124.85,1158.65,31,3.7,UPI,Delivered
FD001511,2025-05-02,C0330,Delhi,The Biryani House,South Indian,3,707.51,35,106.13,636.38,17,5.0,Wallet,Delivered
FD001512,2025-03-25,C0153,Mumbai,Wok & Roll,North Indian,2,850.93,65,42.55,873.38,21,4.7,Credit Card,Delivered
FD001513,2025-09-29,C0059,Hyderabad,Spice Route,Biryani,4,1613.34,45,161.33,1497.01,23,3.7,UPI,Delivered
FD001514,2025-05-01,C0067,Kolkata,Dosa Corner,Pizza,4,1777.84,25,355.57,0.0,45,3.9,UPI,Cancelled
FD001515,2025-04-01,C0214,Chennai,Burger Lab,Biryani,1,414.57,35,41.46,408.11,49,3.8,Debit Card,Delivered
FD001516,2025-12-06,C0234,Hyderabad,The Biryani House,Healthy,1,365.96,35,18.3,0.0,54,3.7,Credit Card,Cancelled
FD001517,2025-06-26,C0371,Bengaluru,The Biryani House,Burgers,2,645.3,65,32.26,678.04,15,4.8,Credit Card,Delivered
FD001518,2025-01-18,C0489,Kolkata,The Biryani House,South Indian,1,230.67,35,0.0,265.67,18,4.6,Cash,Delivered
FD001519,2025-06-30,C0794,Kolkata,Sweet Truth,North Indian,3,1288.57,35,64.43,0.0,17,4.6,Debit Card,Cancelled
FD001520,2025-06-18,C0636,Mumbai,Burger Lab,Healthy,3,1087.45,45,163.12,969.33,49,3.7,Cash,Delivered
FD001521,2025-11-12,C0389,Ahmedabad,Pizza District,Biryani,3,976.02,35,97.6,913.42,39,4.6,Debit Card,Delivered
FD001522,2025-09-17,C0730,Kolkata,Burger Lab,Desserts,1,241.45,25,0.0,266.45,35,4.8,Debit Card,Delivered
FD001523,2025-03-11,C0447,Pune,Spice Route,North Indian,4,1836.99,55,183.7,0.0,37,4.3,UPI,Cancelled
FD001524,2025-02-24,C0339,Kolkata,Dosa Corner,Biryani,4,1398.29,25,69.91,1353.38,33,4.5,Credit Card,Delivered
FD001525,2025-08-09,C0174,Chennai,Wok & Roll,Desserts,3,661.97,55,66.2,0.0,21,4.4,Credit Card,Cancelled
FD001526,2025-01-18,C0338,Pune,The Biryani House,Burgers,1,308.02,55,15.4,347.62,40,4.3,Credit Card,Delivered
FD001527,2025-04-27,C0033,Mumbai,Burger Lab,South Indian,2,528.49,25,26.42,527.07,32,4.6,UPI,Delivered
FD001528,2025-02-20,C0123,Delhi,Spice Route,Chinese,3,1278.52,45,127.85,1195.67,20,4.7,Credit Card,Delivered
FD001529,2025-01-08,C0756,Hyderabad,Pizza District,Pizza,3,1182.68,55,118.27,1119.41,41,4.4,UPI,Delivered
FD001530,2025-12-02,C0156,Delhi,Sweet Truth,Biryani,1,295.52,45,29.55,310.97,29,4.7,Credit Card,Delivered
FD001531,2025-02-02,C0454,Ahmedabad,Dosa Corner,Biryani,4,1319.0,45,65.95,1298.05,37,4.0,UPI,Delivered
FD001532,2025-01-04,C0082,Bengaluru,Spice Route,Biryani,4,1628.17,25,162.82,1490.35,33,4.9,Cash,Delivered
FD001533,2025-12-07,C0481,Ahmedabad,Wok & Roll,South Indian,3,693.73,25,0.0,0.0,45,4.1,UPI,Cancelled
FD001534,2025-03-10,C0781,Chennai,Burger Lab,Burgers,2,700.02,45,35.0,710.02,37,5.0,Debit Card,Delivered
FD001535,2025-10-26,C0367,Hyderabad,Wok & Roll,Pizza,3,1422.49,25,142.25,1305.24,23,4.9,Credit Card,Delivered
FD001536,2025-01-12,C0103,Hyderabad,The Biryani House,South Indian,1,221.29,35,22.13,234.16,38,5.0,UPI,Delivered
FD001537,2025-02-26,C0019,Pune,Burger Lab,South Indian,3,830.88,35,124.63,0.0,38,4.8,Cash,Cancelled
FD001538,2025-02-10,C0606,Mumbai,Pizza District,Chinese,1,387.96,25,0.0,412.96,40,4.4,Wallet,Delivered
FD001539,2025-09-15,C0083,Bengaluru,Sweet Truth,Healthy,1,306.66,55,46.0,315.66,46,3.9,Debit Card,Delivered
FD001540,2025-08-15,C0255,Mumbai,Dosa Corner,Burgers,3,757.89,55,0.0,812.89,27,4.4,Wallet,Delivered
FD001541,2025-06-23,C0675,Bengaluru,Sweet Truth,North Indian,3,1017.59,55,101.76,970.83,42,4.4,Credit Card,Delivered
FD001542,2025-03-30,C0430,Chennai,Pizza District,Biryani,4,1214.11,25,182.12,1056.99,13,5.0,Cash,Delivered
FD001543,2025-02-02,C0699,Kolkata,Burger Lab,Desserts,3,579.28,35,57.93,556.35,33,4.3,Cash,Delivered
FD001544,2025-07-27,C0699,Delhi,Urban Tadka,Healthy,4,1347.59,55,202.14,1200.45,31,4.8,Debit Card,Delivered
FD001545,2025-03-26,C0530,Pune,Dosa Corner,North Indian,4,1475.17,35,221.28,1288.89,51,4.0,Cash,Delivered
FD001546,2025-08-04,C0749,Mumbai,Dosa Corner,Chinese,2,633.81,45,0.0,678.81,32,4.8,Debit Card,Delivered
FD001547,2025-09-08,C0030,Ahmedabad,Dosa Corner,South Indian,4,876.39,45,175.28,0.0,41,3.9,Credit Card,Cancelled
FD001548,2025-11-07,C0193,Bengaluru,Spice Route,Burgers,2,589.41,35,88.41,0.0,13,5.0,Credit Card,Cancelled
FD001549,2025-06-30,C0222,Bengaluru,Pizza District,South Indian,3,855.89,35,42.79,848.1,30,4.7,UPI,Delivered
FD001550,2025-01-02,C0730,Hyderabad,The Biryani House,Desserts,1,195.26,45,0.0,240.26,24,5.0,Debit Card,Delivered
FD001551,2025-04-13,C0498,Mumbai,Sweet Truth,Healthy,1,273.43,25,0.0,298.43,64,4.0,UPI,Delivered
FD001552,2025-11-08,C0202,Mumbai,Wok & Roll,Chinese,3,1172.67,55,175.9,1051.77,26,4.6,Debit Card,Delivered
FD001553,2025-07-14,C0167,Delhi,Wok & Roll,Biryani,2,814.62,45,162.92,696.7,35,4.4,Credit Card,Delivered
FD001554,2025-08-14,C0644,Bengaluru,Pizza District,Chinese,3,1261.17,25,189.18,1096.99,36,5.0,UPI,Delivered
FD001555,2025-06-17,C0688,Hyderabad,Spice Route,Biryani,1,396.22,45,19.81,0.0,15,4.8,UPI,Cancelled
FD001556,2025-03-01,C0013,Delhi,Wok & Roll,Pizza,2,1117.88,35,0.0,1152.88,28,4.9,UPI,Delivered
FD001557,2025-11-24,C0293,Ahmedabad,Wok & Roll,Pizza,3,1517.55,25,75.88,0.0,39,4.2,Debit Card,Cancelled
FD001558,2025-10-10,C0429,Bengaluru,Pizza District,Desserts,3,724.83,65,36.24,753.59,35,3.8,UPI,Delivered
FD001559,2025-12-30,C0189,Hyderabad,Burger Lab,Biryani,4,1157.71,45,0.0,1202.71,12,4.6,UPI,Delivered
FD001560,2025-11-09,C0581,Bengaluru,Pizza District,Biryani,4,1584.13,45,0.0,1629.13,27,4.8,UPI,Delivered
FD001561,2025-04-17,C0607,Chennai,Burger Lab,Biryani,4,1595.93,55,0.0,1650.93,46,4.4,UPI,Delivered
FD001562,2025-04-03,C0672,Bengaluru,The Biryani House,North Indian,1,460.46,45,0.0,505.46,41,4.4,UPI,Delivered
FD001563,2025-04-01,C0629,Bengaluru,Dosa Corner,South Indian,3,715.54,35,71.55,678.99,49,4.5,UPI,Delivered
FD001564,2025-12-02,C0673,Delhi,Sweet Truth,Biryani,1,389.77,25,19.49,395.28,22,4.9,Debit Card,Delivered
FD001565,2025-07-23,C0293,Bengaluru,Pizza District,Biryani,2,621.89,25,31.09,0.0,49,3.8,Debit Card,Cancelled
FD001566,2025-06-15,C0240,Chennai,Spice Route,Chinese,1,394.05,35,39.4,389.65,33,4.7,Wallet,Delivered
FD001567,2025-12-20,C0253,Hyderabad,Burger Lab,Pizza,2,910.55,35,182.11,763.44,53,4.0,UPI,Delivered
FD001568,2025-08-09,C0683,Kolkata,Sweet Truth,Chinese,1,393.05,45,39.31,398.74,34,4.2,UPI,Delivered
FD001569,2025-11-28,C0520,Chennai,Burger Lab,Burgers,3,976.58,35,97.66,913.92,12,5.0,UPI,Delivered
FD001570,2025-12-26,C0259,Bengaluru,The Biryani House,Healthy,1,305.02,45,30.5,319.52,44,4.2,Credit Card,Delivered
FD001571,2025-01-29,C0578,Hyderabad,Wok & Roll,Pizza,3,1288.07,55,128.81,1214.26,29,4.4,UPI,Delivered
FD001572,2025-05-12,C0188,Delhi,The Biryani House,South Indian,3,672.82,65,67.28,670.54,29,4.5,UPI,Delivered
FD001573,2025-09-25,C0214,Kolkata,Dosa Corner,Biryani,1,373.31,35,18.67,389.64,17,5.0,Credit Card,Delivered
FD001574,2025-10-24,C0002,Hyderabad,Burger Lab,Healthy,1,345.42,55,34.54,0.0,53,4.5,UPI,Cancelled
FD001575,2025-02-24,C0774,Hyderabad,Burger Lab,Healthy,4,1413.25,55,70.66,1397.59,28,4.7,Credit Card,Delivered
FD001576,2025-04-27,C0189,Hyderabad,Pizza District,Desserts,3,524.23,25,26.21,0.0,53,4.0,Debit Card,Cancelled
FD001577,2025-07-20,C0602,Mumbai,Urban Tadka,Burgers,2,684.08,35,0.0,719.08,29,4.1,Cash,Delivered
FD001578,2025-10-19,C0095,Ahmedabad,Wok & Roll,Pizza,4,2060.97,25,103.05,1982.92,23,5.0,UPI,Delivered
FD001579,2025-02-11,C0029,Chennai,The Biryani House,North Indian,1,327.09,45,16.35,0.0,50,4.4,UPI,Cancelled
FD001580,2025-08-08,C0540,Bengaluru,Sweet Truth,Desserts,4,763.36,45,76.34,732.02,33,4.7,Credit Card,Delivered
FD001581,2025-04-19,C0079,Pune,Spice Route,Pizza,1,474.94,35,23.75,486.19,33,3.7,UPI,Delivered
FD001582,2025-03-20,C0116,Pune,Dosa Corner,Burgers,3,867.45,55,0.0,922.45,19,4.8,UPI,Delivered
FD001583,2025-07-08,C0265,Bengaluru,Dosa Corner,Burgers,1,261.06,35,0.0,296.06,29,4.5,Credit Card,Delivered
FD001584,2025-06-01,C0469,Hyderabad,Wok & Roll,North Indian,1,353.71,35,17.69,371.02,39,4.6,UPI,Delivered
FD001585,2025-08-21,C0015,Bengaluru,Sweet Truth,South Indian,2,394.47,55,39.45,410.02,18,4.7,UPI,Delivered
FD001586,2025-04-26,C0102,Pune,Burger Lab,South Indian,1,203.47,65,0.0,268.47,28,4.5,Debit Card,Delivered
FD001587,2025-10-28,C0271,Delhi,Spice Route,South Indian,2,438.47,55,0.0,0.0,29,4.8,Cash,Cancelled
FD001588,2025-01-29,C0564,Delhi,Pizza District,Pizza,1,539.23,25,0.0,564.23,35,4.2,UPI,Delivered
FD001589,2025-11-11,C0079,Pune,Dosa Corner,Burgers,1,308.33,25,15.42,0.0,52,3.8,Credit Card,Cancelled
FD001590,2025-01-11,C0229,Bengaluru,Dosa Corner,Biryani,4,1365.83,25,0.0,1390.83,30,4.6,Wallet,Delivered
FD001591,2025-09-26,C0155,Bengaluru,Urban Tadka,Desserts,4,863.95,35,43.2,855.75,26,5.0,UPI,Delivered
FD001592,2025-05-07,C0247,Hyderabad,Urban Tadka,Burgers,4,1240.18,35,124.02,1151.16,67,3.9,Debit Card,Delivered
FD001593,2025-05-20,C0207,Kolkata,Sweet Truth,Burgers,1,262.69,55,39.4,278.29,29,5.0,UPI,Delivered
FD001594,2025-01-07,C0513,Mumbai,Spice Route,Pizza,2,861.03,45,86.1,0.0,32,4.5,Wallet,Cancelled
FD001595,2025-09-14,C0054,Bengaluru,Sweet Truth,Pizza,2,861.0,35,0.0,896.0,30,5.0,UPI,Delivered
FD001596,2025-03-02,C0752,Hyderabad,Wok & Roll,Chinese,2,787.19,35,39.36,782.83,31,3.9,UPI,Delivered
FD001597,2025-08-29,C0196,Delhi,Dosa Corner,Pizza,2,948.03,35,94.8,888.23,35,5.0,Wallet,Delivered
FD001598,2025-09-22,C0794,Pune,Urban Tadka,Biryani,3,1009.65,35,0.0,1044.65,45,4.9,Debit Card,Delivered
FD001599,2025-11-05,C0584,Delhi,The Biryani House,Desserts,2,415.72,45,62.36,398.36,39,4.5,UPI,Delivered
FD001600,2025-09-16,C0286,Bengaluru,Burger Lab,Burgers,2,719.1,25,35.95,708.15,47,4.4,Debit Card,Delivered
FD001601,2025-04-21,C0242,Kolkata,Urban Tadka,Burgers,4,1135.16,55,0.0,1190.16,47,4.1,Cash,Delivered
FD001602,2025-09-27,C0758,Pune,Spice Route,Burgers,4,1230.33,25,0.0,1255.33,37,4.3,Credit Card,Delivered
FD001603,2025-10-29,C0798,Delhi,Wok & Roll,North Indian,2,789.59,35,118.44,706.15,39,4.1,UPI,Delivered
FD001604,2025-04-26,C0490,Delhi,Spice Route,Pizza,1,520.43,65,104.09,481.34,47,4.1,UPI,Delivered
FD001605,2025-02-15,C0038,Kolkata,Sweet Truth,Desserts,3,663.7,25,99.55,0.0,21,5.0,Wallet,Cancelled
FD001606,2025-11-21,C0726,Ahmedabad,Burger Lab,Healthy,2,703.62,25,0.0,728.62,64,3.8,UPI,Delivered
FD001607,2025-02-23,C0382,Mumbai,Burger Lab,South Indian,4,853.35,45,85.34,813.01,28,5.0,UPI,Delivered
FD001608,2025-08-05,C0023,Chennai,Wok & Roll,Burgers,2,598.74,35,0.0,633.74,30,4.6,UPI,Delivered
FD001609,2025-03-28,C0642,Chennai,Wok & Roll,Desserts,1,227.46,25,11.37,241.09,19,4.3,UPI,Delivered
FD001610,2025-02-15,C0027,Pune,Sweet Truth,Burgers,1,291.57,25,29.16,287.41,20,5.0,Credit Card,Delivered
FD001611,2025-10-11,C0298,Delhi,Spice Route,Burgers,1,361.18,25,72.24,313.94,46,3.7,UPI,Delivered
FD001612,2025-02-22,C0060,Hyderabad,Urban Tadka,Chinese,2,719.69,45,35.98,0.0,61,3.6,UPI,Cancelled
FD001613,2025-09-02,C0350,Hyderabad,Burger Lab,Pizza,2,961.15,35,48.06,948.09,27,4.7,UPI,Delivered
FD001614,2025-09-10,C0644,Kolkata,Spice Route,Biryani,4,1392.45,55,0.0,1447.45,38,4.5,UPI,Delivered
FD001615,2025-01-22,C0104,Kolkata,Urban Tadka,Burgers,4,1190.35,55,59.52,1185.83,37,3.9,UPI,Delivered
FD001616,2025-03-05,C0111,Ahmedabad,Spice Route,Biryani,1,397.47,25,0.0,422.47,46,3.9,UPI,Delivered
FD001617,2025-10-17,C0766,Chennai,Spice Route,Burgers,4,1061.74,35,159.26,0.0,61,3.3,Debit Card,Cancelled
FD001618,2025-07-05,C0142,Pune,Pizza District,Chinese,3,1166.88,25,0.0,1191.88,52,4.2,UPI,Delivered
FD001619,2025-02-14,C0091,Pune,Burger Lab,Healthy,2,676.56,35,67.66,643.9,31,4.9,UPI,Delivered
FD001620,2025-12-28,C0469,Bengaluru,Spice Route,Biryani,2,796.42,35,0.0,831.42,40,3.9,Credit Card,Delivered
FD001621,2025-04-07,C0222,Hyderabad,Sweet Truth,South Indian,2,500.87,55,25.04,530.83,42,4.6,Debit Card,Delivered
FD001622,2025-01-02,C0766,Ahmedabad,Dosa Corner,Burgers,1,358.38,35,0.0,393.38,34,4.8,Debit Card,Delivered
FD001623,2025-12-04,C0131,Hyderabad,Burger Lab,Biryani,4,1603.99,35,80.2,1558.79,21,4.5,Wallet,Delivered
FD001624,2025-01-07,C0454,Mumbai,Spice Route,Pizza,1,453.47,45,22.67,0.0,24,4.0,UPI,Cancelled
FD001625,2025-07-21,C0737,Delhi,Wok & Roll,Biryani,1,399.37,55,39.94,414.43,48,3.7,UPI,Delivered
FD001626,2025-12-29,C0587,Delhi,Sweet Truth,Pizza,2,1128.89,35,169.33,0.0,49,3.9,UPI,Cancelled
FD001627,2025-07-30,C0024,Bengaluru,Urban Tadka,Pizza,1,436.81,25,0.0,461.81,32,5.0,UPI,Delivered
FD001628,2025-08-02,C0151,Delhi,Wok & Roll,Burgers,1,317.98,65,31.8,0.0,37,4.3,Wallet,Cancelled
FD001629,2025-05-22,C0101,Bengaluru,Wok & Roll,Chinese,2,695.88,35,104.38,626.5,48,3.7,Credit Card,Delivered
FD001630,2025-02-16,C0732,Pune,Burger Lab,Biryani,2,742.78,45,0.0,787.78,14,5.0,Debit Card,Delivered
FD001631,2025-07-29,C0162,Bengaluru,Sweet Truth,Biryani,1,297.45,45,44.62,297.83,29,4.1,Wallet,Delivered
FD001632,2025-11-24,C0045,Delhi,Urban Tadka,Biryani,4,1530.59,45,306.12,1269.47,58,4.0,Cash,Delivered
FD001633,2025-02-03,C0307,Pune,Spice Route,Chinese,4,1470.98,35,220.65,0.0,38,4.0,UPI,Cancelled
FD001634,2025-11-18,C0227,Hyderabad,Spice Route,Pizza,3,1490.67,25,149.07,1366.6,20,4.5,Cash,Delivered
FD001635,2025-06-01,C0132,Bengaluru,The Biryani House,Chinese,3,933.63,35,93.36,0.0,35,4.6,Credit Card,Cancelled
FD001636,2025-07-15,C0363,Pune,The Biryani House,Pizza,4,2066.28,45,103.31,0.0,46,4.8,UPI,Cancelled
FD001637,2025-03-02,C0721,Hyderabad,Sweet Truth,Biryani,2,701.93,55,70.19,686.74,12,5.0,Credit Card,Delivered
FD001638,2025-08-15,C0181,Hyderabad,Wok & Roll,Healthy,2,678.19,45,135.64,587.55,36,4.0,Cash,Delivered
FD001639,2025-03-08,C0786,Chennai,Burger Lab,Biryani,1,326.98,55,0.0,0.0,30,4.3,Debit Card,Cancelled
FD001640,2025-04-10,C0532,Ahmedabad,Wok & Roll,Biryani,3,913.18,65,91.32,886.86,14,5.0,UPI,Delivered
FD001641,2025-09-21,C0306,Mumbai,Sweet Truth,Biryani,1,342.91,45,17.15,370.76,35,4.8,Cash,Delivered
FD001642,2025-01-19,C0544,Chennai,The Biryani House,Healthy,3,1134.41,25,0.0,0.0,32,3.7,Credit Card,Cancelled
FD001643,2025-06-13,C0279,Ahmedabad,Burger Lab,South Indian,4,862.92,35,86.29,0.0,34,4.5,Debit Card,Cancelled
FD001644,2025-08-06,C0170,Chennai,The Biryani House,South Indian,1,256.5,45,25.65,275.85,30,4.4,UPI,Delivered
FD001645,2025-02-18,C0188,Chennai,Urban Tadka,Healthy,3,805.82,45,80.58,770.24,22,4.1,UPI,Delivered
FD001646,2025-04-18,C0007,Chennai,Sweet Truth,Biryani,2,761.01,25,114.15,0.0,17,4.4,UPI,Cancelled
FD001647,2025-05-06,C0519,Bengaluru,Spice Route,Healthy,2,583.42,45,29.17,599.25,26,4.5,Cash,Delivered
FD001648,2025-08-31,C0060,Bengaluru,The Biryani House,Pizza,3,1416.53,35,212.48,1239.05,44,4.2,Wallet,Delivered
FD001649,2025-12-23,C0159,Delhi,Pizza District,South Indian,1,228.47,35,22.85,240.62,37,4.7,UPI,Delivered
FD001650,2025-11-02,C0001,Hyderabad,Urban Tadka,Burgers,4,1042.13,55,156.32,0.0,33,4.6,UPI,Cancelled
FD001651,2025-03-11,C0053,Delhi,Dosa Corner,Burgers,2,574.83,35,0.0,609.83,22,5.0,UPI,Delivered
FD001652,2025-01-07,C0725,Bengaluru,The Biryani House,Healthy,2,610.78,45,30.54,625.24,30,4.6,Debit Card,Delivered
FD001653,2025-01-19,C0020,Chennai,Pizza District,Biryani,4,1417.76,45,212.66,0.0,43,4.0,Credit Card,Cancelled
FD001654,2025-08-06,C0498,Hyderabad,The Biryani House,Healthy,1,381.61,45,0.0,426.61,40,4.2,Credit Card,Delivered
FD001655,2025-02-27,C0263,Mumbai,Sweet Truth,Burgers,2,603.57,25,30.18,598.39,28,4.8,UPI,Delivered
FD001656,2025-03-26,C0111,Delhi,Pizza District,South Indian,4,1112.85,45,111.29,1046.56,12,5.0,UPI,Delivered
FD001657,2025-11-06,C0240,Bengaluru,Dosa Corner,Healthy,2,638.08,35,63.81,609.27,26,4.6,Cash,Delivered
FD001658,2025-11-15,C0075,Hyderabad,Wok & Roll,Biryani,1,299.3,45,44.9,299.4,28,4.3,Credit Card,Delivered
FD001659,2025-11-03,C0251,Bengaluru,Sweet Truth,Healthy,2,581.39,25,58.14,548.25,23,4.8,UPI,Delivered
FD001660,2025-04-03,C0655,Pune,Wok & Roll,Chinese,4,1463.92,65,219.59,1309.33,29,4.7,UPI,Delivered
FD001661,2025-08-15,C0497,Bengaluru,Sweet Truth,South Indian,4,898.43,55,44.92,0.0,44,4.6,UPI,Cancelled
FD001662,2025-08-11,C0649,Pune,Burger Lab,Biryani,4,1600.62,35,160.06,0.0,34,4.2,UPI,Cancelled
FD001663,2025-03-09,C0558,Bengaluru,Spice Route,Chinese,2,809.77,35,121.47,723.3,46,3.9,UPI,Delivered
FD001664,2025-07-22,C0742,Hyderabad,Urban Tadka,South Indian,4,990.5,35,99.05,0.0,16,5.0,Debit Card,Cancelled
FD001665,2025-07-11,C0087,Delhi,Dosa Corner,Burgers,2,608.47,45,0.0,653.47,30,4.4,UPI,Delivered
FD001666,2025-05-25,C0128,Chennai,Spice Route,Biryani,4,1351.35,45,67.57,0.0,12,4.8,UPI,Cancelled
FD001667,2025-10-02,C0330,Hyderabad,Urban Tadka,Pizza,4,2005.68,45,200.57,1850.11,29,5.0,Credit Card,Delivered
FD001668,2025-09-05,C0418,Ahmedabad,Dosa Corner,North Indian,1,341.25,55,34.13,362.12,21,4.3,UPI,Delivered
FD001669,2025-07-14,C0628,Hyderabad,The Biryani House,Biryani,4,1226.47,35,61.32,0.0,49,4.8,Credit Card,Cancelled
FD001670,2025-09-22,C0098,Bengaluru,Urban Tadka,South Indian,3,667.75,45,66.78,645.97,39,4.1,Cash,Delivered
FD001671,2025-10-06,C0089,Chennai,Urban Tadka,Healthy,3,850.41,35,127.56,757.85,46,4.5,UPI,Delivered
FD001672,2025-07-26,C0637,Mumbai,The Biryani House,Biryani,4,1500.22,45,0.0,0.0,29,4.5,Debit Card,Cancelled
FD001673,2025-04-08,C0440,Pune,Dosa Corner,Biryani,1,288.29,35,28.83,294.46,22,4.8,UPI,Delivered
FD001674,2025-10-04,C0330,Hyderabad,Pizza District,South Indian,3,628.73,55,62.87,620.86,21,4.7,UPI,Delivered
FD001675,2025-09-19,C0178,Ahmedabad,Sweet Truth,Biryani,1,405.05,25,0.0,430.05,37,4.7,UPI,Delivered
FD001676,2025-12-25,C0557,Delhi,Burger Lab,Chinese,2,901.29,25,45.06,881.23,56,3.8,Debit Card,Delivered
FD001677,2025-02-24,C0642,Ahmedabad,The Biryani House,South Indian,1,239.37,35,11.97,262.4,39,4.1,UPI,Delivered
FD001678,2025-06-03,C0025,Pune,Urban Tadka,Chinese,1,378.59,65,56.79,386.8,30,5.0,Debit Card,Delivered
FD001679,2025-12-04,C0044,Ahmedabad,Sweet Truth,Burgers,4,1347.31,45,67.37,1324.94,32,4.5,UPI,Delivered
FD001680,2025-07-07,C0623,Mumbai,Sweet Truth,South Indian,2,396.59,35,0.0,0.0,34,4.2,Credit Card,Cancelled
FD001681,2025-12-11,C0708,Bengaluru,Spice Route,Chinese,2,737.56,35,36.88,735.68,58,3.3,UPI,Delivered
FD001682,2025-01-05,C0184,Chennai,The Biryani House,Pizza,2,816.34,35,122.45,728.89,49,4.7,UPI,Delivered
FD001683,2025-01-13,C0565,Delhi,Burger Lab,Chinese,3,1095.1,55,109.51,1040.59,37,4.2,Credit Card,Delivered
FD001684,2025-10-18,C0675,Chennai,Sweet Truth,North Indian,3,1411.7,65,0.0,1476.7,35,5.0,UPI,Delivered
FD001685,2025-05-11,C0091,Delhi,Sweet Truth,South Indian,3,790.74,55,118.61,727.13,38,4.5,UPI,Delivered
FD001686,2025-07-09,C0149,Hyderabad,The Biryani House,Burgers,4,1445.09,55,0.0,1500.09,40,4.4,Credit Card,Delivered
FD001687,2025-06-06,C0105,Pune,Sweet Truth,Pizza,2,1051.56,25,0.0,1076.56,29,4.6,Debit Card,Delivered
FD001688,2025-05-29,C0633,Bengaluru,Burger Lab,Biryani,4,1463.51,35,73.18,1425.33,24,5.0,Debit Card,Delivered
FD001689,2025-12-09,C0618,Ahmedabad,Pizza District,Pizza,4,2109.07,45,210.91,1943.16,46,3.4,UPI,Delivered
FD001690,2025-02-04,C0108,Hyderabad,Pizza District,Biryani,3,1117.98,45,167.7,995.28,34,4.5,UPI,Delivered
FD001691,2025-10-09,C0140,Hyderabad,Dosa Corner,Healthy,1,319.35,25,0.0,344.35,45,4.1,UPI,Delivered
FD001692,2025-11-21,C0531,Pune,Dosa Corner,Pizza,2,886.49,45,88.65,842.84,54,3.9,UPI,Delivered
FD001693,2025-08-28,C0718,Pune,Sweet Truth,North Indian,3,1202.36,25,120.24,1107.12,40,4.4,UPI,Delivered
FD001694,2025-05-25,C0624,Delhi,Pizza District,Biryani,2,638.76,35,95.81,577.95,38,4.3,UPI,Delivered
FD001695,2025-02-28,C0135,Ahmedabad,The Biryani House,Pizza,2,957.15,35,143.57,0.0,72,3.6,UPI,Cancelled
FD001696,2025-09-07,C0309,Bengaluru,Dosa Corner,Burgers,2,528.76,55,52.88,530.88,36,4.4,Credit Card,Delivered
FD001697,2025-06-21,C0054,Pune,The Biryani House,Pizza,1,492.9,45,0.0,537.9,21,4.3,UPI,Delivered
FD001698,2025-02-24,C0196,Bengaluru,Dosa Corner,Desserts,1,183.89,45,0.0,228.89,31,4.7,UPI,Delivered
FD001699,2025-05-12,C0451,Mumbai,Wok & Roll,Healthy,4,1193.87,55,179.08,1069.79,53,4.2,UPI,Delivered
FD001700,2025-12-17,C0276,Chennai,Wok & Roll,North Indian,1,397.6,55,39.76,412.84,18,4.7,UPI,Delivered
FD001701,2025-04-07,C0486,Hyderabad,Urban Tadka,Biryani,4,1226.46,35,61.32,1200.14,25,5.0,Debit Card,Delivered
FD001702,2025-03-07,C0238,Mumbai,Urban Tadka,Desserts,2,478.21,55,71.73,0.0,47,4.6,UPI,Cancelled
FD001703,2025-09-06,C0451,Pune,Burger Lab,Biryani,4,1377.77,25,206.67,1196.1,31,4.8,UPI,Delivered
FD001704,2025-03-14,C0507,Hyderabad,The Biryani House,North Indian,2,751.04,45,75.1,720.94,33,4.8,Cash,Delivered
FD001705,2025-12-02,C0156,Ahmedabad,Burger Lab,Chinese,4,1246.76,25,187.01,0.0,47,4.1,UPI,Cancelled
FD001706,2025-11-10,C0036,Mumbai,Sweet Truth,Pizza,3,1630.42,35,0.0,1665.42,25,5.0,UPI,Delivered
FD001707,2025-12-25,C0271,Hyderabad,Spice Route,Biryani,4,1472.94,45,147.29,1370.65,16,5.0,Debit Card,Delivered
FD001708,2025-11-30,C0034,Delhi,Sweet Truth,Biryani,1,340.38,25,68.08,297.3,17,5.0,Debit Card,Delivered
FD001709,2025-03-30,C0128,Hyderabad,Urban Tadka,Pizza,4,1738.75,35,0.0,1773.75,41,4.1,Wallet,Delivered
FD001710,2025-03-19,C0231,Hyderabad,Urban Tadka,North Indian,2,869.29,45,0.0,0.0,37,4.4,Cash,Cancelled
FD001711,2025-05-06,C0271,Delhi,Dosa Corner,Desserts,2,475.6,45,47.56,473.04,26,4.9,Debit Card,Delivered
FD001712,2025-06-21,C0222,Hyderabad,Urban Tadka,Healthy,1,309.15,25,15.46,318.69,20,5.0,UPI,Delivered
FD001713,2025-11-18,C0043,Hyderabad,Burger Lab,Biryani,4,1211.75,25,0.0,1236.75,31,4.5,Credit Card,Delivered
FD001714,2025-09-25,C0142,Delhi,Spice Route,Chinese,3,969.51,35,0.0,1004.51,47,3.9,UPI,Delivered
FD001715,2025-08-24,C0707,Hyderabad,Spice Route,Pizza,4,1564.63,55,0.0,1619.63,24,5.0,Credit Card,Delivered
FD001716,2025-11-17,C0574,Pune,Urban Tadka,Chinese,3,1242.77,55,0.0,1297.77,26,4.3,Cash,Delivered
FD001717,2025-08-24,C0356,Pune,Wok & Roll,Pizza,1,568.61,35,85.29,518.32,20,4.5,UPI,Delivered
FD001718,2025-05-19,C0020,Hyderabad,The Biryani House,Pizza,2,1141.39,45,114.14,1072.25,30,4.1,Cash,Delivered
FD001719,2025-05-31,C0287,Mumbai,Urban Tadka,Chinese,2,840.06,45,84.01,801.05,38,4.0,Credit Card,Delivered
FD001720,2025-07-08,C0740,Hyderabad,Dosa Corner,Biryani,1,306.57,65,0.0,371.57,59,4.3,UPI,Delivered
FD001721,2025-02-02,C0648,Delhi,Urban Tadka,Burgers,4,1441.7,25,72.09,0.0,37,4.8,Cash,Cancelled
FD001722,2025-09-28,C0606,Hyderabad,Spice Route,South Indian,4,899.32,45,0.0,0.0,33,4.4,Credit Card,Cancelled
FD001723,2025-08-27,C0199,Ahmedabad,Spice Route,Biryani,3,988.11,45,148.22,884.89,44,4.4,Credit Card,Delivered
FD001724,2025-09-24,C0323,Bengaluru,Sweet Truth,Healthy,3,1040.1,35,208.02,867.08,42,4.2,Credit Card,Delivered
FD001725,2025-07-14,C0023,Delhi,Pizza District,Chinese,3,943.62,25,47.18,921.44,27,4.2,UPI,Delivered
FD001726,2025-10-13,C0688,Hyderabad,Sweet Truth,North Indian,3,1340.34,25,268.07,0.0,62,4.5,UPI,Cancelled
FD001727,2025-12-13,C0091,Bengaluru,Dosa Corner,South Indian,1,285.75,35,0.0,320.75,34,4.9,Debit Card,Delivered
FD001728,2025-07-28,C0495,Chennai,The Biryani House,South Indian,3,796.59,45,0.0,841.59,37,4.5,Cash,Delivered
FD001729,2025-06-12,C0226,Mumbai,Dosa Corner,South Indian,4,1064.53,45,106.45,1003.08,41,4.0,Debit Card,Delivered
FD001730,2025-02-08,C0457,Ahmedabad,Pizza District,North Indian,4,1524.97,25,76.25,1473.72,38,4.3,Cash,Delivered
FD001731,2025-10-12,C0662,Hyderabad,Wok & Roll,South Indian,3,603.0,55,90.45,567.55,52,3.8,Cash,Delivered
FD001732,2025-11-26,C0251,Hyderabad,Wok & Roll,Pizza,4,2137.06,35,0.0,2172.06,27,4.7,UPI,Delivered
FD001733,2025-09-13,C0014,Bengaluru,Dosa Corner,Biryani,3,1093.27,65,109.33,1048.94,43,4.3,Debit Card,Delivered
FD001734,2025-11-12,C0531,Chennai,Urban Tadka,Chinese,2,875.98,25,0.0,900.98,36,4.3,Debit Card,Delivered
FD001735,2025-11-11,C0426,Kolkata,Spice Route,Biryani,2,600.85,55,0.0,0.0,46,3.6,UPI,Cancelled
FD001736,2025-10-19,C0112,Kolkata,Burger Lab,Pizza,3,1336.6,55,66.83,1324.77,31,5.0,UPI,Delivered
FD001737,2025-07-03,C0039,Kolkata,Sweet Truth,Biryani,4,1331.87,55,199.78,1187.09,30,4.6,Debit Card,Delivered
FD001738,2025-02-06,C0420,Hyderabad,Wok & Roll,Chinese,1,405.55,55,40.56,419.99,43,4.4,Wallet,Delivered
FD001739,2025-01-02,C0491,Chennai,Spice Route,Biryani,2,779.54,35,77.95,0.0,38,4.2,Wallet,Cancelled
FD001740,2025-03-16,C0093,Pune,Spice Route,South Indian,3,847.36,45,0.0,892.36,24,4.2,Credit Card,Delivered
FD001741,2025-06-07,C0480,Bengaluru,Wok & Roll,Desserts,4,750.99,45,0.0,795.99,50,4.0,Debit Card,Delivered
FD001742,2025-09-29,C0357,Delhi,Sweet Truth,North Indian,2,793.58,35,0.0,828.58,43,4.1,Credit Card,Delivered
FD001743,2025-06-16,C0110,Bengaluru,Wok & Roll,Pizza,3,1185.81,65,177.87,0.0,33,4.7,Cash,Cancelled
FD001744,2025-01-09,C0494,Bengaluru,The Biryani House,Chinese,1,343.8,35,0.0,0.0,28,4.9,Debit Card,Cancelled
FD001745,2025-03-18,C0517,Kolkata,Wok & Roll,Chinese,2,722.34,35,0.0,757.34,38,4.6,Wallet,Delivered
FD001746,2025-12-24,C0125,Bengaluru,Urban Tadka,Burgers,4,1264.34,55,126.43,1192.91,42,4.6,Wallet,Delivered
FD001747,2025-12-27,C0539,Ahmedabad,Pizza District,South Indian,3,713.54,35,71.35,677.19,15,5.0,UPI,Delivered
FD001748,2025-05-18,C0178,Bengaluru,Sweet Truth,Pizza,4,1825.34,25,91.27,0.0,39,4.5,Wallet,Cancelled
FD001749,2025-10-21,C0478,Hyderabad,Burger Lab,Healthy,1,338.95,35,0.0,0.0,42,4.6,Debit Card,Cancelled
FD001750,2025-09-20,C0651,Bengaluru,Spice Route,Biryani,2,790.41,55,39.52,805.89,12,5.0,UPI,Delivered
FD001751,2025-12-06,C0750,Hyderabad,Urban Tadka,North Indian,4,1435.49,55,143.55,1346.94,36,3.7,UPI,Delivered
FD001752,2025-11-20,C0205,Mumbai,Spice Route,Chinese,4,1426.81,25,0.0,1451.81,42,4.2,Debit Card,Delivered
FD001753,2025-08-18,C0272,Hyderabad,Pizza District,Pizza,4,2073.18,45,207.32,0.0,41,4.0,UPI,Cancelled
FD001754,2025-05-25,C0077,Delhi,Urban Tadka,Desserts,2,449.8,45,0.0,0.0,44,4.3,UPI,Cancelled
FD001755,2025-08-17,C0776,Kolkata,Sweet Truth,Biryani,4,1579.11,45,236.87,1387.24,30,4.3,Credit Card,Delivered
FD001756,2025-04-27,C0265,Chennai,The Biryani House,Desserts,2,362.24,45,72.45,334.79,22,5.0,UPI,Delivered
FD001757,2025-05-08,C0642,Hyderabad,Spice Route,Chinese,4,1539.54,65,0.0,0.0,12,5.0,UPI,Cancelled
FD001758,2025-08-11,C0749,Chennai,Pizza District,Biryani,4,1618.81,35,80.94,0.0,47,4.5,Debit Card,Cancelled
FD001759,2025-07-28,C0381,Pune,Burger Lab,Biryani,2,674.26,35,33.71,675.55,42,4.8,UPI,Delivered
FD001760,2025-08-01,C0556,Mumbai,Burger Lab,Desserts,2,396.2,45,59.43,381.77,48,3.5,Credit Card,Delivered
FD001761,2025-05-21,C0378,Hyderabad,Sweet Truth,Pizza,4,2276.95,35,113.85,2198.1,25,4.3,UPI,Delivered
FD001762,2025-05-30,C0461,Mumbai,The Biryani House,North Indian,2,679.03,35,67.9,646.13,44,5.0,Cash,Delivered
FD001763,2025-01-04,C0200,Chennai,Wok & Roll,Desserts,2,438.66,25,0.0,0.0,16,5.0,UPI,Cancelled
FD001764,2025-08-08,C0673,Bengaluru,Wok & Roll,South Indian,3,817.1,25,0.0,842.1,24,4.8,Cash,Delivered
FD001765,2025-07-30,C0099,Hyderabad,Spice Route,Pizza,4,1669.78,65,166.98,0.0,36,4.4,Debit Card,Cancelled
FD001766,2025-12-08,C0529,Ahmedabad,Spice Route,South Indian,1,260.02,25,26.0,259.02,42,4.2,Cash,Delivered
FD001767,2025-07-04,C0736,Hyderabad,Dosa Corner,Healthy,4,1280.17,45,192.03,1133.14,54,3.3,Credit Card,Delivered
FD001768,2025-06-20,C0649,Hyderabad,Pizza District,Biryani,2,796.87,55,119.53,732.34,31,4.3,Credit Card,Delivered
FD001769,2025-01-25,C0607,Hyderabad,Burger Lab,Pizza,1,555.16,25,55.52,524.64,24,4.7,UPI,Delivered
FD001770,2025-03-13,C0526,Mumbai,Sweet Truth,Pizza,2,1097.58,35,54.88,1077.7,23,4.5,Credit Card,Delivered
FD001771,2025-05-04,C0757,Chennai,Urban Tadka,Burgers,2,509.87,35,76.48,468.39,26,4.4,Credit Card,Delivered
FD001772,2025-05-18,C0692,Bengaluru,Dosa Corner,Desserts,3,669.83,45,100.48,614.35,61,4.7,Credit Card,Delivered
FD001773,2025-05-13,C0220,Chennai,Urban Tadka,Burgers,3,1061.81,35,159.27,937.54,43,4.1,UPI,Delivered
FD001774,2025-05-24,C0500,Delhi,Burger Lab,Chinese,1,396.66,45,79.33,362.33,47,4.2,Credit Card,Delivered
FD001775,2025-10-08,C0343,Bengaluru,Urban Tadka,Pizza,2,998.72,35,49.94,0.0,31,4.6,Credit Card,Cancelled
FD001776,2025-02-17,C0212,Kolkata,The Biryani House,Biryani,1,290.99,25,29.1,0.0,34,4.7,Credit Card,Cancelled
FD001777,2025-05-02,C0655,Bengaluru,Pizza District,Pizza,2,1091.6,25,109.16,1007.44,42,4.1,Debit Card,Delivered
FD001778,2025-03-01,C0033,Hyderabad,Pizza District,North Indian,3,988.45,35,0.0,1023.45,28,5.0,UPI,Delivered
FD001779,2025-04-23,C0103,Ahmedabad,Spice Route,Chinese,4,1409.95,35,141.0,0.0,31,4.7,Credit Card,Cancelled
FD001780,2025-09-07,C0085,Pune,Dosa Corner,Burgers,1,354.44,65,17.72,401.72,26,4.2,UPI,Delivered
FD001781,2025-01-18,C0162,Bengaluru,Spice Route,Desserts,3,714.39,25,35.72,703.67,29,4.5,Debit Card,Delivered
FD001782,2025-05-04,C0410,Kolkata,Sweet Truth,Biryani,2,833.85,45,0.0,878.85,35,4.4,Debit Card,Delivered
FD001783,2025-01-09,C0754,Mumbai,Urban Tadka,Pizza,2,953.41,45,95.34,903.07,24,4.6,UPI,Delivered
FD001784,2025-12-15,C0778,Bengaluru,Burger Lab,Pizza,3,1266.88,45,126.69,0.0,37,4.6,UPI,Cancelled
FD001785,2025-09-23,C0721,Pune,Burger Lab,Healthy,1,322.27,45,16.11,351.16,37,4.6,Debit Card,Delivered
FD001786,2025-03-30,C0608,Pune,Pizza District,South Indian,4,817.24,25,0.0,0.0,32,4.7,Debit Card,Cancelled
FD001787,2025-03-14,C0368,Bengaluru,Wok & Roll,South Indian,2,548.8,45,54.88,0.0,24,4.8,UPI,Cancelled
FD001788,2025-02-06,C0621,Mumbai,Spice Route,Biryani,1,359.55,35,0.0,394.55,35,4.5,UPI,Delivered
FD001789,2025-06-22,C0215,Chennai,Sweet Truth,Biryani,4,1355.2,55,0.0,1410.2,28,3.8,UPI,Delivered
FD001790,2025-10-03,C0532,Hyderabad,Spice Route,South Indian,4,808.95,25,40.45,0.0,35,4.7,Debit Card,Cancelled
FD001791,2025-08-02,C0007,Ahmedabad,Burger Lab,Burgers,3,882.92,45,132.44,795.48,47,4.3,UPI,Delivered
FD001792,2025-11-18,C0723,Mumbai,Spice Route,Healthy,3,1105.83,45,55.29,1095.54,19,4.5,Debit Card,Delivered
FD001793,2025-05-06,C0778,Mumbai,Burger Lab,Desserts,1,219.16,45,21.92,242.24,60,3.9,Debit Card,Delivered
FD001794,2025-04-12,C0589,Mumbai,The Biryani House,Burgers,2,514.05,25,77.11,461.94,33,4.7,Cash,Delivered
FD001795,2025-06-24,C0140,Mumbai,Pizza District,Desserts,2,354.63,45,17.73,381.9,39,4.7,Wallet,Delivered
FD001796,2025-03-15,C0207,Bengaluru,Spice Route,Healthy,4,1242.23,45,186.33,0.0,25,4.9,Credit Card,Cancelled
FD001797,2025-12-23,C0592,Ahmedabad,Urban Tadka,Burgers,2,518.42,35,0.0,0.0,48,4.2,Debit Card,Cancelled
FD001798,2025-03-09,C0400,Delhi,Pizza District,South Indian,3,839.99,35,42.0,832.99,32,4.8,Debit Card,Delivered
FD001799,2025-06-24,C0439,Delhi,Burger Lab,North Indian,2,841.34,25,0.0,866.34,29,4.5,Cash,Delivered
FD001800,2025-07-10,C0324,Chennai,Wok & Roll,Pizza,3,1221.77,35,122.18,1134.59,27,4.8,Credit Card,Delivered
FD001801,2025-01-21,C0669,Bengaluru,The Biryani House,North Indian,1,441.1,55,88.22,407.88,31,4.3,UPI,Delivered
FD001802,2025-06-20,C0133,Hyderabad,Wok & Roll,Biryani,3,1001.99,35,100.2,936.79,39,4.7,Wallet,Delivered
FD001803,2025-06-15,C0354,Bengaluru,Urban Tadka,South Indian,1,217.28,45,21.73,240.55,36,3.8,UPI,Delivered
FD001804,2025-04-05,C0178,Hyderabad,Wok & Roll,Desserts,3,626.67,45,0.0,0.0,34,4.7,Wallet,Cancelled
FD001805,2025-02-16,C0554,Delhi,Wok & Roll,South Indian,1,196.22,45,29.43,211.79,25,4.7,UPI,Delivered
FD001806,2025-01-17,C0229,Kolkata,Urban Tadka,Chinese,4,1497.14,45,74.86,1467.28,25,5.0,Credit Card,Delivered
FD001807,2025-01-04,C0240,Bengaluru,Urban Tadka,South Indian,4,1087.15,45,0.0,1132.15,28,4.3,Wallet,Delivered
FD001808,2025-06-25,C0139,Bengaluru,Wok & Roll,Biryani,3,1225.29,45,245.06,1025.23,40,4.3,Debit Card,Delivered
FD001809,2025-02-02,C0691,Delhi,Wok & Roll,Pizza,4,1809.38,25,90.47,1743.91,42,4.3,Credit Card,Delivered
FD001810,2025-12-17,C0174,Hyderabad,Sweet Truth,Pizza,4,2027.69,55,101.38,1981.31,44,4.4,UPI,Delivered
FD001811,2025-03-31,C0695,Ahmedabad,Pizza District,Chinese,1,340.05,65,0.0,405.05,34,4.1,UPI,Delivered
FD001812,2025-08-27,C0734,Chennai,Pizza District,Burgers,3,936.61,35,0.0,971.61,39,4.5,UPI,Delivered
FD001813,2025-09-03,C0772,Hyderabad,Pizza District,Pizza,2,872.47,65,130.87,806.6,32,3.9,Credit Card,Delivered
FD001814,2025-06-30,C0275,Hyderabad,Dosa Corner,North Indian,4,1633.96,65,81.7,1617.26,13,4.7,Credit Card,Delivered
FD001815,2025-11-19,C0524,Ahmedabad,The Biryani House,Burgers,4,1069.34,35,213.87,890.47,31,4.0,UPI,Delivered
FD001816,2025-02-10,C0663,Bengaluru,Pizza District,Burgers,4,1424.85,45,0.0,1469.85,29,4.9,UPI,Delivered
FD001817,2025-03-27,C0063,Delhi,The Biryani House,Burgers,2,699.88,45,69.99,674.89,22,4.9,Wallet,Delivered
FD001818,2025-04-03,C0052,Hyderabad,Wok & Roll,Biryani,1,329.81,35,32.98,331.83,27,4.8,Cash,Delivered
FD001819,2025-02-19,C0166,Hyderabad,Burger Lab,Desserts,1,224.8,25,22.48,227.32,36,4.9,Credit Card,Delivered
FD001820,2025-04-18,C0786,Kolkata,Pizza District,Burgers,1,258.53,35,12.93,280.6,20,4.7,Wallet,Delivered
FD001821,2025-04-25,C0072,Hyderabad,The Biryani House,Biryani,4,1533.87,55,153.39,1435.48,25,4.9,Credit Card,Delivered
FD001822,2025-10-07,C0612,Hyderabad,Burger Lab,Healthy,3,891.3,35,89.13,0.0,53,4.0,UPI,Cancelled
FD001823,2025-04-21,C0672,Mumbai,The Biryani House,North Indian,2,685.83,55,102.87,0.0,15,4.9,UPI,Cancelled
FD001824,2025-11-16,C0726,Kolkata,Sweet Truth,South Indian,2,513.43,45,0.0,0.0,32,5.0,Cash,Cancelled
FD001825,2025-10-10,C0423,Bengaluru,Wok & Roll,North Indian,1,393.21,45,19.66,418.55,20,5.0,UPI,Delivered
FD001826,2025-11-26,C0421,Hyderabad,Pizza District,North Indian,3,1206.86,35,120.69,1121.17,25,4.5,UPI,Delivered
FD001827,2025-02-08,C0594,Ahmedabad,Urban Tadka,Pizza,2,969.47,35,0.0,1004.47,32,4.8,Wallet,Delivered
FD001828,2025-12-26,C0508,Delhi,Dosa Corner,South Indian,4,801.64,25,0.0,826.64,22,4.9,Debit Card,Delivered
FD001829,2025-08-13,C0630,Kolkata,Wok & Roll,Chinese,1,314.87,35,62.97,0.0,41,4.4,Debit Card,Cancelled
FD001830,2025-12-25,C0289,Pune,Sweet Truth,Pizza,4,1997.65,25,0.0,2022.65,50,4.1,Debit Card,Delivered
FD001831,2025-05-10,C0747,Delhi,Burger Lab,Pizza,1,503.54,25,0.0,528.54,44,4.1,Debit Card,Delivered
FD001832,2025-12-14,C0346,Chennai,Dosa Corner,Biryani,2,582.55,25,58.25,549.3,46,2.9,UPI,Delivered
FD001833,2025-08-03,C0199,Bengaluru,Spice Route,South Indian,2,458.88,45,0.0,503.88,17,5.0,Debit Card,Delivered
FD001834,2025-01-27,C0601,Delhi,Spice Route,Desserts,3,636.57,35,0.0,671.57,31,4.3,UPI,Delivered
FD001835,2025-05-30,C0497,Delhi,Burger Lab,Desserts,3,646.69,35,0.0,681.69,40,4.2,UPI,Delivered
FD001836,2025-02-20,C0040,Ahmedabad,Spice Route,Pizza,1,540.75,55,0.0,595.75,44,4.1,Wallet,Delivered
FD001837,2025-12-10,C0134,Mumbai,Sweet Truth,Pizza,2,933.15,45,46.66,931.49,55,3.7,UPI,Delivered
FD001838,2025-04-22,C0030,Bengaluru,Sweet Truth,Burgers,3,932.47,65,139.87,857.6,47,4.2,UPI,Delivered
FD001839,2025-03-23,C0461,Mumbai,Wok & Roll,Chinese,2,781.05,45,0.0,826.05,45,4.2,UPI,Delivered
FD001840,2025-07-21,C0700,Mumbai,Burger Lab,North Indian,1,369.46,25,18.47,375.99,66,3.4,Cash,Delivered
FD001841,2025-06-05,C0259,Chennai,Pizza District,North Indian,1,330.6,55,33.06,352.54,35,4.5,Wallet,Delivered
FD001842,2025-02-05,C0089,Pune,Sweet Truth,North Indian,3,969.41,55,0.0,1024.41,31,4.5,UPI,Delivered
FD001843,2025-10-26,C0682,Mumbai,Spice Route,North Indian,2,896.67,45,44.83,896.84,36,4.7,UPI,Delivered
FD001844,2025-11-05,C0577,Hyderabad,The Biryani House,Healthy,3,861.09,45,43.05,863.04,23,4.3,Debit Card,Delivered
FD001845,2025-09-29,C0437,Mumbai,Burger Lab,Burgers,1,320.29,35,0.0,0.0,35,4.1,Debit Card,Cancelled
FD001846,2025-08-14,C0160,Delhi,Dosa Corner,Biryani,3,1085.24,35,54.26,0.0,13,5.0,UPI,Cancelled
FD001847,2025-05-27,C0538,Kolkata,Urban Tadka,Biryani,1,338.15,55,0.0,393.15,28,4.4,UPI,Delivered
FD001848,2025-07-17,C0293,Chennai,Dosa Corner,Burgers,3,1031.31,45,154.7,921.61,33,4.2,Credit Card,Delivered
FD001849,2025-07-10,C0197,Mumbai,Pizza District,Pizza,4,2068.44,25,413.69,1679.75,45,4.0,UPI,Delivered
FD001850,2025-03-02,C0235,Chennai,Dosa Corner,Biryani,2,576.05,25,86.41,514.64,47,4.1,Debit Card,Delivered
FD001851,2025-01-30,C0050,Mumbai,The Biryani House,Healthy,1,357.65,25,0.0,382.65,22,4.7,UPI,Delivered
FD001852,2025-04-03,C0393,Hyderabad,Burger Lab,Pizza,1,482.27,35,48.23,469.04,59,3.8,Cash,Delivered
FD001853,2025-06-15,C0603,Kolkata,Urban Tadka,Healthy,2,610.02,35,61.0,584.02,36,4.0,Debit Card,Delivered
FD001854,2025-02-28,C0662,Kolkata,Urban Tadka,Desserts,1,220.97,55,0.0,275.97,37,4.6,Debit Card,Delivered
FD001855,2025-02-08,C0580,Mumbai,Burger Lab,South Indian,4,1029.73,35,154.46,910.27,15,5.0,Debit Card,Delivered
FD001856,2025-11-07,C0701,Mumbai,Burger Lab,South Indian,4,893.05,35,89.31,838.74,27,4.0,UPI,Delivered
FD001857,2025-05-17,C0771,Hyderabad,The Biryani House,Pizza,4,2275.65,35,0.0,2310.65,47,3.6,UPI,Delivered
FD001858,2025-08-02,C0178,Mumbai,Wok & Roll,South Indian,4,1016.13,45,203.23,857.9,36,4.8,Credit Card,Delivered
FD001859,2025-07-11,C0347,Chennai,Sweet Truth,Biryani,3,1096.71,45,0.0,0.0,35,5.0,Debit Card,Cancelled
FD001860,2025-09-26,C0271,Delhi,The Biryani House,Healthy,2,542.12,45,27.11,560.01,37,3.6,Cash,Delivered
FD001861,2025-09-28,C0548,Hyderabad,Wok & Roll,Pizza,2,881.67,65,0.0,946.67,17,5.0,UPI,Delivered
FD001862,2025-04-19,C0670,Delhi,Urban Tadka,Pizza,2,942.7,65,0.0,1007.7,33,5.0,Debit Card,Delivered
FD001863,2025-11-06,C0712,Bengaluru,Wok & Roll,South Indian,4,1009.55,55,201.91,862.64,51,3.7,UPI,Delivered
FD001864,2025-05-16,C0072,Delhi,Sweet Truth,South Indian,2,483.32,55,48.33,489.99,47,4.7,UPI,Delivered
FD001865,2025-11-01,C0412,Delhi,Burger Lab,Burgers,2,671.26,35,0.0,706.26,32,4.4,UPI,Delivered
FD001866,2025-05-28,C0094,Bengaluru,Urban Tadka,South Indian,3,656.68,45,65.67,0.0,53,4.1,Cash,Cancelled
FD001867,2025-02-10,C0264,Chennai,Burger Lab,Biryani,2,756.77,35,113.52,678.25,19,4.6,Credit Card,Delivered
FD001868,2025-10-05,C0384,Pune,Pizza District,South Indian,2,538.62,55,80.79,512.83,22,5.0,Credit Card,Delivered
FD001869,2025-01-12,C0496,Mumbai,Spice Route,Pizza,1,529.24,25,79.39,474.85,56,4.2,Debit Card,Delivered
FD001870,2025-10-09,C0633,Hyderabad,Wok & Roll,Pizza,1,530.29,25,79.54,475.75,41,4.9,UPI,Delivered
FD001871,2025-01-16,C0796,Chennai,The Biryani House,Biryani,1,403.17,25,40.32,387.85,31,5.0,UPI,Delivered
FD001872,2025-03-17,C0269,Bengaluru,Sweet Truth,Pizza,2,810.64,45,0.0,855.64,33,4.5,UPI,Delivered
FD001873,2025-08-09,C0448,Delhi,Sweet Truth,Pizza,4,2067.56,45,310.13,1802.43,24,5.0,UPI,Delivered
FD001874,2025-12-10,C0056,Mumbai,Burger Lab,Burgers,2,718.76,25,0.0,0.0,37,4.8,Credit Card,Cancelled
FD001875,2025-05-30,C0090,Hyderabad,Burger Lab,Pizza,3,1483.21,45,0.0,1528.21,36,4.6,UPI,Delivered
FD001876,2025-02-14,C0775,Mumbai,The Biryani House,Pizza,2,859.1,35,42.96,851.14,34,4.1,Debit Card,Delivered
FD001877,2025-03-27,C0751,Delhi,Spice Route,Chinese,2,901.64,55,0.0,956.64,20,4.3,Cash,Delivered
FD001878,2025-11-24,C0752,Pune,Spice Route,Biryani,1,308.23,25,30.82,302.41,37,3.9,Wallet,Delivered
FD001879,2025-09-23,C0210,Hyderabad,Pizza District,South Indian,3,676.61,25,101.49,600.12,28,4.3,UPI,Delivered
FD001880,2025-02-06,C0522,Bengaluru,The Biryani House,Healthy,3,850.73,45,42.54,853.19,22,5.0,Credit Card,Delivered
FD001881,2025-05-21,C0184,Chennai,Sweet Truth,Burgers,2,602.3,45,60.23,587.07,49,4.2,UPI,Delivered
FD001882,2025-04-07,C0546,Hyderabad,The Biryani House,North Indian,3,1156.62,55,57.83,0.0,60,3.6,UPI,Cancelled
FD001883,2025-03-06,C0388,Chennai,Urban Tadka,Biryani,2,700.67,45,70.07,0.0,57,3.8,Credit Card,Cancelled
FD001884,2025-11-05,C0747,Hyderabad,Dosa Corner,Biryani,2,816.84,65,0.0,881.84,42,4.2,UPI,Delivered
FD001885,2025-08-14,C0299,Hyderabad,Dosa Corner,South Indian,3,715.58,35,0.0,750.58,31,4.8,Debit Card,Delivered
FD001886,2025-03-07,C0516,Delhi,Pizza District,Desserts,3,613.88,35,61.39,587.49,33,4.2,Cash,Delivered
FD001887,2025-08-26,C0528,Bengaluru,Spice Route,North Indian,1,455.95,65,22.8,0.0,39,4.4,UPI,Cancelled
FD001888,2025-05-31,C0631,Delhi,Spice Route,Biryani,2,787.52,25,39.38,773.14,29,4.7,Wallet,Delivered
FD001889,2025-01-23,C0042,Hyderabad,Wok & Roll,Desserts,2,366.92,55,0.0,0.0,50,3.8,UPI,Cancelled
FD001890,2025-06-14,C0371,Mumbai,Dosa Corner,Burgers,4,995.97,25,0.0,1020.97,12,5.0,Wallet,Delivered
FD001891,2025-03-09,C0362,Chennai,Pizza District,Pizza,2,1009.14,35,100.91,0.0,30,4.4,Debit Card,Cancelled
FD001892,2025-03-31,C0183,Pune,Spice Route,Biryani,4,1589.46,25,79.47,1534.99,44,3.9,UPI,Delivered
FD001893,2025-11-17,C0644,Pune,The Biryani House,Healthy,3,990.67,45,49.53,986.14,24,5.0,UPI,Delivered
FD001894,2025-09-17,C0667,Chennai,Spice Route,Biryani,1,313.09,55,46.96,321.13,31,4.5,UPI,Delivered
FD001895,2025-02-18,C0066,Delhi,Pizza District,North Indian,2,868.15,25,86.81,0.0,41,4.4,Debit Card,Cancelled
FD001896,2025-11-07,C0548,Bengaluru,Pizza District,South Indian,4,1023.71,25,0.0,1048.71,52,3.6,UPI,Delivered
FD001897,2025-07-29,C0690,Mumbai,Burger Lab,Desserts,2,417.02,35,41.7,0.0,18,5.0,Cash,Cancelled
FD001898,2025-11-16,C0232,Hyderabad,Spice Route,South Indian,3,820.69,35,0.0,855.69,18,5.0,UPI,Delivered
FD001899,2025-09-30,C0506,Chennai,Pizza District,North Indian,4,1762.11,35,0.0,0.0,23,4.3,Wallet,Cancelled
FD001900,2025-05-04,C0499,Hyderabad,Urban Tadka,Biryani,3,1121.51,65,112.15,1074.36,16,5.0,UPI,Delivered
FD001901,2025-07-15,C0015,Kolkata,Pizza District,Biryani,1,373.41,25,0.0,398.41,16,4.6,Debit Card,Delivered
FD001902,2025-07-13,C0654,Chennai,Sweet Truth,Chinese,2,805.05,35,0.0,0.0,22,5.0,Cash,Cancelled
FD001903,2025-09-20,C0601,Mumbai,Burger Lab,Burgers,2,616.31,35,92.45,558.86,49,4.5,UPI,Delivered
FD001904,2025-04-01,C0217,Chennai,Dosa Corner,Biryani,2,693.4,35,69.34,659.06,30,4.6,UPI,Delivered
FD001905,2025-05-02,C0252,Bengaluru,Spice Route,Biryani,4,1517.51,35,227.63,1324.88,34,4.0,Credit Card,Delivered
FD001906,2025-03-31,C0615,Bengaluru,Dosa Corner,Pizza,1,501.11,45,75.17,0.0,23,4.4,Debit Card,Cancelled
FD001907,2025-04-19,C0642,Kolkata,Dosa Corner,Biryani,3,1050.5,45,0.0,1095.5,42,4.5,Cash,Delivered
FD001908,2025-02-28,C0058,Pune,Burger Lab,Biryani,4,1207.38,55,120.74,0.0,57,3.4,UPI,Cancelled
FD001909,2025-01-14,C0288,Hyderabad,Dosa Corner,North Indian,4,1712.56,35,85.63,1661.93,23,4.3,Cash,Delivered
FD001910,2025-12-10,C0500,Pune,Spice Route,Pizza,3,1522.72,45,152.27,1415.45,55,3.9,Cash,Delivered
FD001911,2025-01-28,C0102,Chennai,Burger Lab,Healthy,4,1217.7,55,0.0,0.0,38,4.4,Debit Card,Cancelled
FD001912,2025-11-21,C0800,Hyderabad,Dosa Corner,Healthy,2,612.3,55,0.0,667.3,34,4.6,UPI,Delivered
FD001913,2025-01-02,C0168,Mumbai,Urban Tadka,Biryani,3,953.44,65,0.0,1018.44,39,4.2,UPI,Delivered
FD001914,2025-10-11,C0694,Hyderabad,Pizza District,South Indian,3,847.6,35,84.76,797.84,39,4.6,Wallet,Delivered
FD001915,2025-04-30,C0052,Bengaluru,Pizza District,Chinese,1,430.94,65,0.0,495.94,56,3.6,Debit Card,Delivered
FD001916,2025-07-08,C0701,Delhi,Spice Route,South Indian,1,246.06,55,24.61,276.45,40,4.5,Credit Card,Delivered
FD001917,2025-04-14,C0033,Bengaluru,Urban Tadka,Biryani,4,1353.68,55,203.05,1205.63,40,4.4,Cash,Delivered
FD001918,2025-06-29,C0545,Kolkata,The Biryani House,Biryani,1,383.0,45,38.3,389.7,29,4.8,UPI,Delivered
FD001919,2025-06-14,C0289,Delhi,Spice Route,Biryani,2,710.38,65,35.52,739.86,44,4.6,Debit Card,Delivered
FD001920,2025-07-13,C0369,Pune,Wok & Roll,Chinese,3,1342.6,35,0.0,1377.6,23,4.6,Debit Card,Delivered
FD001921,2025-05-24,C0087,Mumbai,Spice Route,Healthy,3,807.76,45,121.16,0.0,35,4.2,Cash,Cancelled
FD001922,2025-07-15,C0542,Kolkata,Spice Route,South Indian,3,594.36,45,59.44,579.92,69,3.0,Debit Card,Delivered
FD001923,2025-10-29,C0498,Chennai,Burger Lab,South Indian,4,986.97,45,49.35,0.0,12,4.3,Credit Card,Cancelled
FD001924,2025-06-08,C0257,Mumbai,The Biryani House,Healthy,4,1149.61,55,172.44,1032.17,37,4.3,UPI,Delivered
FD001925,2025-05-12,C0378,Mumbai,Pizza District,South Indian,4,999.97,25,0.0,1024.97,37,4.3,Cash,Delivered
FD001926,2025-02-18,C0443,Kolkata,The Biryani House,Biryani,3,1166.79,35,58.34,1143.45,31,4.1,Debit Card,Delivered
FD001927,2025-05-12,C0551,Hyderabad,Pizza District,North Indian,4,1373.14,35,0.0,1408.14,32,4.2,UPI,Delivered
FD001928,2025-02-15,C0432,Mumbai,Pizza District,Burgers,3,895.17,45,0.0,0.0,35,5.0,Wallet,Cancelled
FD001929,2025-03-08,C0048,Pune,Urban Tadka,Biryani,3,1129.78,45,56.49,1118.29,31,4.8,UPI,Delivered
FD001930,2025-12-14,C0435,Chennai,Spice Route,Chinese,4,1708.64,55,170.86,1592.78,37,3.9,UPI,Delivered
FD001931,2025-02-02,C0279,Kolkata,Pizza District,Healthy,4,1293.21,55,0.0,1348.21,28,4.4,Wallet,Delivered
FD001932,2025-06-25,C0330,Chennai,Wok & Roll,Pizza,1,427.52,45,42.75,429.77,58,4.0,Debit Card,Delivered
FD001933,2025-11-01,C0297,Hyderabad,Dosa Corner,Chinese,4,1566.25,25,234.94,0.0,31,4.3,Cash,Cancelled
FD001934,2025-12-14,C0283,Mumbai,Urban Tadka,Biryani,3,1036.35,45,155.45,925.9,41,4.0,Cash,Delivered
FD001935,2025-02-23,C0189,Chennai,Spice Route,Biryani,4,1550.66,55,0.0,0.0,26,4.5,Credit Card,Cancelled
FD001936,2025-03-01,C0265,Hyderabad,Wok & Roll,Biryani,3,1076.67,45,107.67,1014.0,45,4.6,UPI,Delivered
FD001937,2025-05-16,C0570,Hyderabad,Sweet Truth,South Indian,4,881.71,55,0.0,936.71,43,4.6,Cash,Delivered
FD001938,2025-07-22,C0180,Hyderabad,Urban Tadka,North Indian,2,872.07,65,87.21,0.0,39,4.1,Credit Card,Cancelled
FD001939,2025-12-17,C0608,Pune,Spice Route,Biryani,1,353.86,35,17.69,0.0,22,4.9,Credit Card,Cancelled
FD001940,2025-03-17,C0351,Kolkata,Pizza District,Pizza,1,422.31,45,42.23,425.08,25,4.7,Credit Card,Delivered
FD001941,2025-03-02,C0489,Mumbai,Wok & Roll,Pizza,2,984.96,45,0.0,1029.96,54,3.6,UPI,Delivered
FD001942,2025-04-03,C0095,Hyderabad,Wok & Roll,Biryani,1,411.13,35,41.11,0.0,25,4.6,UPI,Cancelled
FD001943,2025-11-16,C0166,Mumbai,Spice Route,Chinese,2,817.48,35,0.0,0.0,42,3.8,Credit Card,Cancelled
FD001944,2025-01-11,C0722,Kolkata,Burger Lab,South Indian,1,222.19,35,0.0,0.0,23,5.0,Debit Card,Cancelled
FD001945,2025-05-19,C0665,Pune,The Biryani House,South Indian,1,259.69,25,25.97,258.72,46,4.7,Credit Card,Delivered
FD001946,2025-02-13,C0056,Bengaluru,Spice Route,Burgers,3,840.42,45,0.0,885.42,26,4.5,UPI,Delivered
FD001947,2025-02-27,C0723,Hyderabad,Sweet Truth,Chinese,4,1541.5,25,154.15,1412.35,22,4.5,UPI,Delivered
FD001948,2025-12-01,C0670,Kolkata,Wok & Roll,Biryani,1,355.04,35,35.5,354.54,25,5.0,Debit Card,Delivered
FD001949,2025-01-01,C0110,Kolkata,The Biryani House,Biryani,3,953.71,45,95.37,903.34,27,5.0,UPI,Delivered
FD001950,2025-04-28,C0193,Hyderabad,Dosa Corner,Healthy,3,915.35,35,91.53,858.82,39,3.9,Credit Card,Delivered
FD001951,2025-12-01,C0143,Pune,Dosa Corner,Desserts,3,712.64,55,71.26,696.38,35,4.4,Debit Card,Delivered
FD001952,2025-08-10,C0683,Hyderabad,Urban Tadka,Healthy,1,293.2,35,43.98,284.22,21,4.8,UPI,Delivered
FD001953,2025-01-27,C0683,Hyderabad,Sweet Truth,North Indian,3,1329.16,25,0.0,1354.16,34,4.2,Credit Card,Delivered
FD001954,2025-06-19,C0577,Pune,Wok & Roll,South Indian,1,255.73,65,25.57,0.0,20,4.9,Cash,Cancelled
FD001955,2025-12-21,C0201,Mumbai,The Biryani House,Healthy,1,327.75,55,32.77,349.98,42,4.0,UPI,Delivered
FD001956,2025-05-27,C0737,Chennai,Pizza District,Burgers,2,526.77,45,0.0,571.77,44,4.0,UPI,Delivered
FD001957,2025-07-12,C0678,Kolkata,Urban Tadka,Biryani,4,1248.83,55,0.0,1303.83,34,4.4,UPI,Delivered
FD001958,2025-07-14,C0697,Pune,Dosa Corner,Biryani,1,308.8,25,0.0,0.0,37,3.9,Debit Card,Cancelled
FD001959,2025-08-30,C0288,Hyderabad,The Biryani House,Biryani,4,1452.17,55,145.22,0.0,55,3.2,Cash,Cancelled
FD001960,2025-03-10,C0561,Mumbai,Pizza District,Biryani,4,1657.84,25,82.89,1599.95,32,4.8,Debit Card,Delivered
FD001961,2025-11-03,C0541,Pune,Spice Route,Burgers,4,1395.28,35,139.53,0.0,23,4.5,Wallet,Cancelled
FD001962,2025-12-27,C0122,Mumbai,Sweet Truth,South Indian,2,394.6,25,39.46,380.14,41,5.0,Debit Card,Delivered
FD001963,2025-02-22,C0467,Ahmedabad,The Biryani House,Desserts,1,186.08,55,18.61,0.0,20,5.0,UPI,Cancelled
FD001964,2025-10-26,C0440,Delhi,Burger Lab,Chinese,1,330.07,35,0.0,365.07,31,4.3,UPI,Delivered
FD001965,2025-10-26,C0468,Hyderabad,The Biryani House,Biryani,4,1659.06,35,165.91,1528.15,27,5.0,Debit Card,Delivered
FD001966,2025-09-28,C0272,Hyderabad,Wok & Roll,Desserts,1,183.14,25,18.31,189.83,26,5.0,Debit Card,Delivered
FD001967,2025-05-16,C0536,Pune,Wok & Roll,Burgers,3,812.26,45,0.0,0.0,31,4.3,Credit Card,Cancelled
FD001968,2025-06-21,C0709,Ahmedabad,The Biryani House,Biryani,2,735.15,35,0.0,770.15,45,3.3,Credit Card,Delivered
FD001969,2025-11-03,C0484,Hyderabad,Pizza District,Pizza,4,1964.9,45,0.0,0.0,47,4.4,UPI,Cancelled
FD001970,2025-02-25,C0698,Hyderabad,Wok & Roll,Pizza,3,1293.31,35,194.0,1134.31,45,4.2,UPI,Delivered
FD001971,2025-10-30,C0618,Pune,Urban Tadka,Pizza,3,1536.02,55,0.0,1591.02,38,4.5,Debit Card,Delivered
FD001972,2025-12-03,C0252,Hyderabad,Urban Tadka,North Indian,4,1348.4,35,0.0,1383.4,31,4.4,Debit Card,Delivered
FD001973,2025-09-06,C0589,Hyderabad,Urban Tadka,Desserts,4,665.97,65,0.0,730.97,12,4.6,Cash,Delivered
FD001974,2025-05-05,C0538,Kolkata,Pizza District,South Indian,2,405.0,35,0.0,0.0,38,4.2,UPI,Cancelled
FD001975,2025-07-24,C0755,Pune,Urban Tadka,Biryani,3,1000.58,25,50.03,975.55,12,5.0,Cash,Delivered
FD001976,2025-01-19,C0271,Kolkata,The Biryani House,Desserts,3,720.23,35,72.02,683.21,12,4.9,UPI,Delivered
FD001977,2025-12-07,C0132,Delhi,Burger Lab,South Indian,4,979.2,25,48.96,955.24,32,4.4,UPI,Delivered
FD001978,2025-05-05,C0543,Bengaluru,Burger Lab,Pizza,2,1054.72,35,158.21,931.51,37,3.8,Cash,Delivered
FD001979,2025-01-21,C0506,Kolkata,Sweet Truth,South Indian,2,448.51,35,0.0,483.51,29,4.6,Wallet,Delivered
FD001980,2025-10-17,C0492,Bengaluru,Dosa Corner,Burgers,4,1322.33,55,66.12,1311.21,52,3.6,Wallet,Delivered
FD001981,2025-08-29,C0592,Bengaluru,Pizza District,Burgers,4,1436.38,45,143.64,1337.74,40,4.6,UPI,Delivered
FD001982,2025-08-16,C0409,Kolkata,Sweet Truth,Biryani,3,997.75,35,99.77,932.98,31,4.3,UPI,Delivered
FD001983,2025-01-20,C0025,Delhi,Sweet Truth,Chinese,1,450.87,35,67.63,418.24,51,3.9,Debit Card,Delivered
FD001984,2025-10-02,C0703,Kolkata,Urban Tadka,Biryani,2,739.82,25,0.0,764.82,53,4.7,Cash,Delivered
FD001985,2025-08-21,C0222,Hyderabad,Urban Tadka,Biryani,2,769.13,25,38.46,755.67,40,4.2,Credit Card,Delivered
FD001986,2025-10-17,C0197,Ahmedabad,Sweet Truth,Biryani,3,955.61,35,95.56,895.05,25,4.5,UPI,Delivered
FD001987,2025-10-29,C0652,Mumbai,Sweet Truth,Healthy,3,1023.84,25,0.0,1048.84,27,4.8,Credit Card,Delivered
FD001988,2025-03-19,C0638,Delhi,Dosa Corner,Pizza,4,1932.01,25,289.8,1667.21,17,4.3,UPI,Delivered
FD001989,2025-03-18,C0405,Kolkata,Pizza District,Burgers,1,357.96,65,0.0,422.96,33,4.9,UPI,Delivered
FD001990,2025-12-04,C0552,Chennai,Dosa Corner,Pizza,2,1109.3,45,0.0,1154.3,21,5.0,Debit Card,Delivered
FD001991,2025-07-13,C0065,Delhi,Dosa Corner,North Indian,3,1146.6,65,114.66,1096.94,30,4.7,UPI,Delivered
FD001992,2025-06-09,C0226,Delhi,Burger Lab,Chinese,4,1773.5,35,177.35,1631.15,37,3.2,Debit Card,Delivered
FD001993,2025-04-15,C0195,Pune,Wok & Roll,North Indian,1,455.66,55,68.35,0.0,12,4.9,Credit Card,Cancelled
FD001994,2025-08-22,C0338,Kolkata,The Biryani House,Pizza,4,1989.8,35,298.47,1726.33,19,4.4,UPI,Delivered
FD001995,2025-10-03,C0286,Delhi,Burger Lab,Biryani,1,295.92,25,0.0,320.92,28,5.0,UPI,Delivered
FD001996,2025-01-01,C0056,Hyderabad,Sweet Truth,Chinese,1,330.57,55,33.06,352.51,33,4.8,Cash,Delivered
FD001997,2025-07-21,C0551,Hyderabad,Sweet Truth,Pizza,4,1615.96,25,323.19,0.0,28,4.7,Credit Card,Cancelled
FD001998,2025-12-29,C0479,Ahmedabad,Wok & Roll,Desserts,4,693.26,35,0.0,728.26,31,4.1,Cash,Delivered
FD001999,2025-04-13,C0304,Ahmedabad,Spice Route,North Indian,4,1878.13,55,93.91,1839.22,26,5.0,UPI,Delivered
FD002000,2025-04-13,C0711,Ahmedabad,Burger Lab,Burgers,3,816.02,45,122.4,738.62,17,4.8,Credit Card,Delivered
FD002001,2025-11-17,C0289,Hyderabad,The Biryani House,Healthy,3,1041.39,45,0.0,1086.39,28,5.0,Wallet,Delivered
FD002002,2025-01-23,C0095,Chennai,Urban Tadka,Chinese,3,1196.53,35,179.48,1052.05,31,4.6,UPI,Delivered
FD002003,2025-05-26,C0679,Pune,Spice Route,Pizza,3,1514.61,25,75.73,1463.88,30,4.7,UPI,Delivered
FD002004,2025-06-17,C0106,Pune,Urban Tadka,Burgers,3,814.12,65,122.12,757.0,35,4.3,Cash,Delivered
FD002005,2025-10-19,C0058,Hyderabad,Pizza District,Biryani,2,724.11,25,72.41,676.7,39,4.8,UPI,Delivered
FD002006,2025-02-17,C0380,Mumbai,The Biryani House,Desserts,4,852.67,35,85.27,802.4,42,4.5,UPI,Delivered
FD002007,2025-06-08,C0464,Hyderabad,Pizza District,Biryani,2,721.73,35,72.17,684.56,26,5.0,Wallet,Delivered
FD002008,2025-02-25,C0225,Mumbai,Wok & Roll,Pizza,3,1271.64,55,0.0,1326.64,15,5.0,UPI,Delivered
FD002009,2025-10-15,C0672,Bengaluru,Wok & Roll,Chinese,3,1233.78,55,123.38,0.0,49,4.1,Credit Card,Cancelled
FD002010,2025-08-19,C0222,Hyderabad,Pizza District,Biryani,3,884.22,35,132.63,0.0,39,4.5,Debit Card,Cancelled
FD002011,2025-07-01,C0771,Hyderabad,Pizza District,Biryani,3,1090.89,65,218.18,937.71,23,5.0,Debit Card,Delivered
FD002012,2025-05-24,C0511,Kolkata,Sweet Truth,South Indian,1,234.7,25,46.94,0.0,37,4.7,Credit Card,Cancelled
FD002013,2025-02-25,C0148,Pune,The Biryani House,Biryani,2,636.58,55,63.66,627.92,47,4.2,UPI,Delivered
FD002014,2025-12-03,C0329,Ahmedabad,Spice Route,Burgers,2,681.51,25,68.15,638.36,55,3.3,Cash,Delivered
FD002015,2025-08-25,C0061,Chennai,Dosa Corner,Pizza,2,844.02,35,84.4,0.0,37,4.7,Cash,Cancelled
FD002016,2025-04-27,C0676,Chennai,Spice Route,Pizza,4,2239.21,25,223.92,2040.29,47,3.6,UPI,Delivered
FD002017,2025-06-01,C0519,Bengaluru,Dosa Corner,Biryani,4,1610.59,65,161.06,1514.53,19,4.8,UPI,Delivered
FD002018,2025-09-23,C0344,Mumbai,The Biryani House,Desserts,3,578.3,55,0.0,633.3,34,4.4,Credit Card,Delivered
FD002019,2025-09-20,C0544,Bengaluru,Dosa Corner,Healthy,2,599.76,45,0.0,644.76,30,4.1,UPI,Delivered
FD002020,2025-06-18,C0493,Pune,Urban Tadka,Biryani,1,303.29,25,30.33,297.96,38,4.5,Cash,Delivered
FD002021,2025-04-21,C0480,Pune,Urban Tadka,Healthy,4,1499.0,35,0.0,1534.0,53,4.7,Wallet,Delivered
FD002022,2025-08-29,C0319,Kolkata,Pizza District,Chinese,4,1590.2,35,0.0,0.0,37,4.3,UPI,Cancelled
FD002023,2025-08-29,C0282,Bengaluru,Pizza District,South Indian,2,395.78,35,0.0,430.78,23,5.0,Wallet,Delivered
FD002024,2025-08-07,C0205,Mumbai,Burger Lab,South Indian,4,966.0,25,144.9,846.1,19,5.0,Cash,Delivered
FD002025,2025-01-27,C0630,Bengaluru,Burger Lab,South Indian,4,811.23,45,162.25,693.98,54,4.3,Debit Card,Delivered
FD002026,2025-06-22,C0378,Hyderabad,Sweet Truth,North Indian,3,1226.55,45,122.65,1148.9,40,4.1,Wallet,Delivered
FD002027,2025-08-13,C0376,Delhi,Burger Lab,Burgers,1,306.29,55,45.94,315.35,39,4.4,UPI,Delivered
FD002028,2025-12-13,C0577,Mumbai,Urban Tadka,Chinese,1,319.39,35,47.91,306.48,30,4.7,Cash,Delivered
FD002029,2025-07-11,C0425,Delhi,Spice Route,Pizza,4,2153.95,35,0.0,0.0,37,4.9,UPI,Cancelled
FD002030,2025-05-06,C0763,Hyderabad,The Biryani House,Biryani,3,959.66,45,0.0,1004.66,22,5.0,Credit Card,Delivered
FD002031,2025-07-22,C0193,Ahmedabad,Sweet Truth,South Indian,1,244.28,25,0.0,0.0,39,3.4,Credit Card,Cancelled
FD002032,2025-03-06,C0034,Ahmedabad,Dosa Corner,Biryani,1,369.99,45,0.0,414.99,20,4.5,UPI,Delivered
FD002033,2025-02-03,C0338,Chennai,Burger Lab,Pizza,4,2260.56,55,226.06,2089.5,30,4.5,Debit Card,Delivered
FD002034,2025-09-05,C0426,Kolkata,The Biryani House,Biryani,2,701.35,25,0.0,726.35,26,4.3,Credit Card,Delivered
FD002035,2025-12-26,C0657,Bengaluru,Pizza District,Pizza,2,1113.9,35,167.09,981.81,12,3.7,Credit Card,Delivered
FD002036,2025-11-05,C0509,Delhi,Burger Lab,South Indian,3,681.88,55,68.19,0.0,30,4.3,Credit Card,Cancelled
FD002037,2025-08-02,C0752,Kolkata,Sweet Truth,South Indian,2,546.05,45,27.3,563.75,23,4.7,UPI,Delivered
FD002038,2025-01-15,C0069,Pune,Wok & Roll,Burgers,4,1098.95,45,219.79,924.16,31,4.3,UPI,Delivered
FD002039,2025-12-27,C0430,Pune,Spice Route,Biryani,3,1137.28,45,227.46,954.82,34,4.1,UPI,Delivered
FD002040,2025-06-14,C0664,Chennai,Dosa Corner,Burgers,2,515.47,45,51.55,0.0,55,3.9,Wallet,Cancelled
FD002041,2025-04-16,C0402,Pune,Sweet Truth,Burgers,2,722.78,25,72.28,675.5,38,4.5,Debit Card,Delivered
FD002042,2025-11-22,C0221,Delhi,Spice Route,South Indian,4,1127.23,55,225.45,956.78,38,4.2,Credit Card,Delivered
FD002043,2025-09-30,C0615,Hyderabad,Pizza District,Chinese,3,1112.87,65,111.29,0.0,40,4.8,Debit Card,Cancelled
FD002044,2025-10-01,C0700,Hyderabad,Sweet Truth,Chinese,4,1530.74,25,229.61,0.0,44,4.2,Debit Card,Cancelled
FD002045,2025-04-12,C0208,Pune,Sweet Truth,Burgers,2,633.09,25,0.0,658.09,39,4.0,UPI,Delivered
FD002046,2025-12-29,C0443,Delhi,Sweet Truth,Healthy,1,296.19,45,29.62,0.0,37,4.0,UPI,Cancelled
FD002047,2025-06-15,C0644,Mumbai,Sweet Truth,Desserts,4,867.74,45,43.39,869.35,43,4.2,Credit Card,Delivered
FD002048,2025-07-13,C0122,Kolkata,Spice Route,Chinese,1,407.74,35,0.0,442.74,12,5.0,UPI,Delivered
FD002049,2025-10-02,C0009,Delhi,Urban Tadka,Burgers,4,1232.59,45,0.0,1277.59,59,3.5,Cash,Delivered
FD002050,2025-08-29,C0592,Chennai,Pizza District,Biryani,3,913.95,45,0.0,0.0,53,4.2,UPI,Cancelled
FD002051,2025-03-04,C0602,Chennai,Wok & Roll,Healthy,1,375.1,45,0.0,420.1,37,4.4,Credit Card,Delivered
FD002052,2025-04-21,C0126,Mumbai,Pizza District,Pizza,4,1643.75,25,0.0,1668.75,17,5.0,UPI,Delivered
FD002053,2025-05-12,C0478,Pune,The Biryani House,Pizza,1,504.51,25,25.23,504.28,49,4.2,Debit Card,Delivered
FD002054,2025-12-12,C0577,Mumbai,The Biryani House,Healthy,2,550.26,35,82.54,502.72,26,4.4,Wallet,Delivered
FD002055,2025-09-18,C0771,Mumbai,Wok & Roll,South Indian,2,416.59,65,41.66,439.93,40,4.6,UPI,Delivered
FD002056,2025-05-14,C0647,Delhi,Sweet Truth,Biryani,3,863.19,45,86.32,821.87,19,5.0,UPI,Delivered
FD002057,2025-09-26,C0176,Delhi,Dosa Corner,Biryani,3,999.98,35,0.0,1034.98,61,3.6,Debit Card,Delivered
FD002058,2025-09-27,C0461,Pune,Urban Tadka,Biryani,3,1110.19,55,166.53,998.66,17,4.5,UPI,Delivered
FD002059,2025-05-24,C0587,Hyderabad,Urban Tadka,Chinese,2,764.68,35,0.0,799.68,35,4.6,UPI,Delivered
FD002060,2025-05-28,C0217,Pune,The Biryani House,Biryani,3,1124.14,45,0.0,1169.14,12,5.0,Debit Card,Delivered
FD002061,2025-11-23,C0131,Mumbai,Burger Lab,Healthy,1,345.19,25,17.26,352.93,34,3.9,UPI,Delivered
FD002062,2025-07-25,C0350,Hyderabad,Spice Route,Healthy,3,839.01,45,125.85,758.16,29,4.7,UPI,Delivered
FD002063,2025-02-24,C0576,Delhi,Burger Lab,Chinese,1,315.73,45,63.15,297.58,48,3.9,Credit Card,Delivered
FD002064,2025-09-20,C0423,Delhi,Wok & Roll,South Indian,1,251.91,55,25.19,0.0,29,4.0,Credit Card,Cancelled
FD002065,2025-08-04,C0484,Mumbai,Burger Lab,Pizza,3,1526.66,35,152.67,1408.99,48,4.0,Cash,Delivered
FD002066,2025-07-05,C0533,Pune,Dosa Corner,Biryani,1,359.04,35,17.95,0.0,22,5.0,UPI,Cancelled
FD002067,2025-09-22,C0765,Bengaluru,Wok & Roll,Desserts,4,735.69,25,73.57,687.12,31,4.9,UPI,Delivered
FD002068,2025-11-28,C0508,Bengaluru,Wok & Roll,Biryani,1,392.83,65,0.0,457.83,31,4.9,Debit Card,Delivered
FD002069,2025-05-01,C0108,Bengaluru,Pizza District,Biryani,1,295.07,25,0.0,320.07,40,4.4,Cash,Delivered
FD002070,2025-06-03,C0321,Chennai,Burger Lab,Pizza,4,2020.32,45,404.06,1661.26,38,4.6,UPI,Delivered
FD002071,2025-03-11,C0136,Delhi,Pizza District,Biryani,1,301.01,45,60.2,285.81,43,4.3,Debit Card,Delivered
FD002072,2025-08-25,C0607,Kolkata,Spice Route,Burgers,4,1292.35,25,0.0,1317.35,37,4.0,Credit Card,Delivered
FD002073,2025-05-27,C0798,Delhi,Spice Route,South Indian,2,466.03,35,0.0,501.03,42,3.9,UPI,Delivered
FD002074,2025-05-05,C0618,Hyderabad,Burger Lab,Desserts,4,881.18,25,0.0,906.18,23,4.5,UPI,Delivered
FD002075,2025-09-12,C0197,Chennai,Burger Lab,Chinese,4,1259.96,45,63.0,1241.96,39,4.8,Debit Card,Delivered
FD002076,2025-05-29,C0558,Hyderabad,Pizza District,North Indian,1,406.04,65,0.0,0.0,53,4.4,UPI,Cancelled
FD002077,2025-06-19,C0017,Delhi,Burger Lab,Burgers,2,528.47,35,52.85,510.62,14,4.6,UPI,Delivered
FD002078,2025-06-10,C0218,Bengaluru,Pizza District,North Indian,3,1275.6,65,0.0,0.0,40,4.3,Credit Card,Cancelled
FD002079,2025-04-05,C0243,Mumbai,The Biryani House,Chinese,4,1298.85,25,0.0,1323.85,42,4.1,UPI,Delivered
FD002080,2025-02-15,C0376,Pune,Wok & Roll,Pizza,1,403.39,35,0.0,438.39,52,3.9,UPI,Delivered
FD002081,2025-10-29,C0257,Delhi,Pizza District,Healthy,1,349.86,55,34.99,369.87,43,4.0,Credit Card,Delivered
FD002082,2025-02-03,C0347,Bengaluru,Sweet Truth,Pizza,2,803.13,55,0.0,858.13,35,4.9,Cash,Delivered
FD002083,2025-04-29,C0008,Bengaluru,Burger Lab,Biryani,1,314.86,35,15.74,334.12,39,4.3,Debit Card,Delivered
FD002084,2025-09-01,C0654,Delhi,Burger Lab,Pizza,2,1080.2,45,108.02,1017.18,25,4.8,UPI,Delivered
FD002085,2025-02-17,C0317,Mumbai,Burger Lab,Burgers,1,341.02,55,34.1,361.92,29,4.7,UPI,Delivered
FD002086,2025-08-28,C0647,Hyderabad,Burger Lab,Burgers,4,1384.61,55,0.0,1439.61,18,4.5,Wallet,Delivered
FD002087,2025-09-25,C0047,Kolkata,Dosa Corner,Chinese,4,1417.18,45,141.72,1320.46,52,4.0,Debit Card,Delivered
FD002088,2025-08-30,C0693,Mumbai,Pizza District,North Indian,1,401.97,25,0.0,426.97,39,4.7,Debit Card,Delivered
FD002089,2025-04-22,C0502,Chennai,Dosa Corner,Pizza,3,1592.25,25,159.22,0.0,23,5.0,UPI,Cancelled
FD002090,2025-01-08,C0185,Hyderabad,Spice Route,Chinese,3,981.47,45,49.07,977.4,37,4.0,UPI,Delivered
FD002091,2025-11-20,C0603,Chennai,Burger Lab,Pizza,3,1565.52,45,234.83,1375.69,48,3.6,UPI,Delivered
FD002092,2025-04-30,C0599,Bengaluru,Wok & Roll,North Indian,4,1348.69,35,269.74,1113.95,46,4.2,Cash,Delivered
FD002093,2025-10-21,C0582,Bengaluru,Spice Route,Biryani,3,1219.39,35,121.94,1132.45,23,5.0,Cash,Delivered
FD002094,2025-03-14,C0697,Mumbai,Burger Lab,Biryani,3,1109.29,35,166.39,977.9,12,5.0,UPI,Delivered
FD002095,2025-03-01,C0764,Chennai,Spice Route,Chinese,1,378.29,35,0.0,413.29,39,4.6,Debit Card,Delivered
FD002096,2025-10-12,C0134,Kolkata,Burger Lab,South Indian,1,239.11,35,23.91,0.0,23,4.2,Cash,Cancelled
FD002097,2025-12-10,C0226,Ahmedabad,Wok & Roll,Desserts,3,536.89,35,0.0,0.0,41,4.1,Cash,Cancelled
FD002098,2025-11-11,C0032,Bengaluru,Wok & Roll,Chinese,4,1428.56,25,0.0,1453.56,45,3.4,Credit Card,Delivered
FD002099,2025-10-02,C0054,Hyderabad,Wok & Roll,Desserts,2,441.98,55,22.1,474.88,47,4.1,UPI,Delivered
FD002100,2025-04-01,C0085,Pune,The Biryani House,Burgers,3,929.94,45,92.99,881.95,55,3.2,Wallet,Delivered
FD002101,2025-11-30,C0554,Ahmedabad,Wok & Roll,Biryani,1,355.4,25,35.54,344.86,49,4.5,UPI,Delivered
FD002102,2025-09-01,C0485,Kolkata,Urban Tadka,Biryani,2,621.94,35,93.29,563.65,55,4.5,UPI,Delivered
FD002103,2025-03-04,C0028,Hyderabad,Dosa Corner,Biryani,4,1507.27,35,150.73,1391.54,51,4.1,UPI,Delivered
FD002104,2025-02-17,C0338,Bengaluru,Spice Route,Pizza,3,1384.05,45,207.61,0.0,52,3.5,Credit Card,Cancelled
FD002105,2025-11-14,C0089,Hyderabad,Urban Tadka,Chinese,1,333.73,45,50.06,0.0,34,4.6,UPI,Cancelled
FD002106,2025-04-11,C0157,Pune,Burger Lab,Burgers,4,1426.03,45,213.9,1257.13,19,5.0,Credit Card,Delivered
FD002107,2025-10-07,C0045,Mumbai,Spice Route,Chinese,4,1520.9,45,0.0,1565.9,64,3.9,Wallet,Delivered
FD002108,2025-02-20,C0423,Mumbai,Sweet Truth,Burgers,2,616.98,25,30.85,0.0,35,4.8,Credit Card,Cancelled
FD002109,2025-04-13,C0066,Mumbai,Spice Route,South Indian,2,568.61,35,56.86,546.75,49,3.9,Wallet,Delivered
FD002110,2025-04-14,C0629,Bengaluru,Wok & Roll,South Indian,3,685.03,25,137.01,573.02,27,4.3,Cash,Delivered
FD002111,2025-04-13,C0746,Mumbai,Sweet Truth,Pizza,4,2246.52,35,0.0,2281.52,46,4.1,Debit Card,Delivered
FD002112,2025-09-04,C0685,Hyderabad,Burger Lab,Pizza,2,1032.95,35,0.0,0.0,12,4.3,Credit Card,Cancelled
FD002113,2025-11-30,C0659,Delhi,Burger Lab,Chinese,1,398.35,45,0.0,443.35,29,5.0,Cash,Delivered
FD002114,2025-11-29,C0602,Delhi,Burger Lab,Chinese,1,341.14,25,0.0,366.14,33,4.5,Credit Card,Delivered
FD002115,2025-09-28,C0729,Delhi,Burger Lab,Pizza,4,1597.68,45,239.65,1403.03,40,4.6,UPI,Delivered
FD002116,2025-03-15,C0709,Bengaluru,Urban Tadka,Pizza,4,1878.71,35,0.0,0.0,47,4.0,Wallet,Cancelled
FD002117,2025-12-17,C0173,Pune,The Biryani House,South Indian,4,783.7,35,39.19,779.51,21,4.2,Credit Card,Delivered
FD002118,2025-07-17,C0484,Delhi,Urban Tadka,South Indian,1,201.46,45,20.15,226.31,42,4.7,Cash,Delivered
FD002119,2025-07-19,C0245,Hyderabad,Urban Tadka,Biryani,1,364.18,25,18.21,370.97,49,3.7,UPI,Delivered
FD002120,2025-09-14,C0670,Hyderabad,Urban Tadka,Burgers,2,662.35,35,0.0,0.0,62,3.9,UPI,Cancelled
FD002121,2025-10-08,C0009,Delhi,Burger Lab,North Indian,1,347.78,35,34.78,348.0,42,4.4,Debit Card,Delivered
FD002122,2025-12-14,C0334,Bengaluru,Sweet Truth,Biryani,2,764.85,45,38.24,771.61,28,4.6,Debit Card,Delivered
FD002123,2025-08-01,C0304,Hyderabad,Wok & Roll,North Indian,3,1396.3,25,279.26,1142.04,19,4.6,Credit Card,Delivered
FD002124,2025-08-11,C0682,Hyderabad,Spice Route,Biryani,2,767.68,65,76.77,755.91,56,3.8,Cash,Delivered
FD002125,2025-09-30,C0236,Hyderabad,Burger Lab,Chinese,1,420.11,65,84.02,401.09,43,3.9,Credit Card,Delivered
FD002126,2025-04-04,C0717,Chennai,Wok & Roll,Burgers,2,656.86,55,0.0,711.86,34,4.7,UPI,Delivered
FD002127,2025-04-23,C0398,Mumbai,Dosa Corner,Biryani,3,944.67,35,94.47,885.2,15,5.0,Debit Card,Delivered
FD002128,2025-08-17,C0550,Hyderabad,Pizza District,North Indian,3,1130.44,45,113.04,1062.4,23,4.7,UPI,Delivered
FD002129,2025-01-24,C0425,Delhi,Pizza District,Burgers,2,714.28,25,71.43,667.85,42,4.1,Credit Card,Delivered
FD002130,2025-04-27,C0345,Bengaluru,Burger Lab,Healthy,2,687.0,55,34.35,707.65,38,5.0,UPI,Delivered
FD002131,2025-09-20,C0244,Bengaluru,Burger Lab,Pizza,3,1600.81,45,0.0,1645.81,12,4.5,UPI,Delivered
FD002132,2025-12-23,C0226,Bengaluru,Urban Tadka,North Indian,1,468.29,25,0.0,493.29,42,3.7,Wallet,Delivered
FD002133,2025-07-09,C0513,Pune,Wok & Roll,Healthy,4,1163.4,35,174.51,1023.89,15,4.9,UPI,Delivered
FD002134,2025-05-26,C0261,Ahmedabad,Sweet Truth,Chinese,4,1414.65,55,212.2,1257.45,50,4.0,Debit Card,Delivered
FD002135,2025-06-10,C0692,Mumbai,Spice Route,Pizza,1,507.35,55,0.0,562.35,37,4.8,Debit Card,Delivered
FD002136,2025-09-08,C0106,Hyderabad,The Biryani House,South Indian,4,788.87,45,78.89,0.0,28,4.8,UPI,Cancelled
FD002137,2025-07-18,C0173,Bengaluru,Wok & Roll,Chinese,1,389.47,35,38.95,385.52,46,4.2,Wallet,Delivered
FD002138,2025-01-09,C0038,Hyderabad,Sweet Truth,Healthy,2,723.13,55,72.31,705.82,38,4.5,UPI,Delivered
FD002139,2025-07-16,C0691,Kolkata,Sweet Truth,Burgers,3,954.02,55,0.0,1009.02,50,4.2,Credit Card,Delivered
FD002140,2025-05-27,C0332,Hyderabad,Wok & Roll,Pizza,2,887.52,55,133.13,809.39,35,5.0,Debit Card,Delivered
FD002141,2025-09-13,C0029,Ahmedabad,Wok & Roll,Biryani,1,381.31,35,38.13,378.18,36,4.5,Debit Card,Delivered
FD002142,2025-11-16,C0035,Mumbai,Pizza District,South Indian,1,208.29,45,20.83,0.0,31,4.3,UPI,Cancelled
FD002143,2025-12-18,C0735,Mumbai,Pizza District,Healthy,3,1116.33,55,111.63,0.0,37,4.4,Cash,Cancelled
FD002144,2025-08-11,C0705,Kolkata,Burger Lab,Biryani,1,298.42,25,29.84,293.58,54,3.0,Wallet,Delivered
FD002145,2025-05-13,C0222,Hyderabad,Wok & Roll,Desserts,2,462.98,35,0.0,497.98,28,4.6,Credit Card,Delivered
FD002146,2025-06-12,C0520,Pune,Wok & Roll,Healthy,2,646.96,25,97.04,574.92,42,4.6,Debit Card,Delivered
FD002147,2025-03-06,C0203,Hyderabad,Dosa Corner,Biryani,4,1368.04,35,0.0,1403.04,23,4.9,UPI,Delivered
FD002148,2025-12-08,C0675,Kolkata,Urban Tadka,Biryani,4,1406.35,55,210.95,1250.4,12,5.0,UPI,Delivered
FD002149,2025-11-06,C0573,Mumbai,Sweet Truth,South Indian,4,852.88,25,127.93,749.95,36,4.6,Credit Card,Delivered
FD002150,2025-11-08,C0356,Hyderabad,Burger Lab,South Indian,3,709.95,45,70.99,683.96,38,4.7,UPI,Delivered
FD002151,2025-04-30,C0743,Pune,Wok & Roll,Biryani,3,1194.04,25,119.4,0.0,33,5.0,Debit Card,Cancelled
FD002152,2025-04-28,C0180,Hyderabad,Wok & Roll,North Indian,2,886.09,55,0.0,941.09,16,5.0,UPI,Delivered
FD002153,2025-11-09,C0798,Hyderabad,Wok & Roll,Chinese,1,330.9,55,16.54,0.0,38,4.2,UPI,Cancelled
FD002154,2025-07-18,C0233,Pune,Wok & Roll,North Indian,4,1695.4,45,169.54,1570.86,37,3.6,Credit Card,Delivered
FD002155,2025-09-15,C0711,Chennai,The Biryani House,North Indian,2,902.91,45,0.0,0.0,23,5.0,UPI,Cancelled
FD002156,2025-06-28,C0684,Kolkata,Burger Lab,North Indian,2,891.75,25,0.0,0.0,18,5.0,Credit Card,Cancelled
FD002157,2025-06-11,C0451,Delhi,The Biryani House,Chinese,1,368.58,55,73.72,349.86,31,4.6,Credit Card,Delivered
FD002158,2025-08-19,C0098,Delhi,Burger Lab,Pizza,2,797.51,45,0.0,842.51,42,4.0,UPI,Delivered
FD002159,2025-10-24,C0601,Bengaluru,Wok & Roll,Chinese,3,1323.37,25,0.0,0.0,39,4.7,UPI,Cancelled
FD002160,2025-05-02,C0559,Hyderabad,The Biryani House,Biryani,2,675.31,65,0.0,740.31,23,4.6,UPI,Delivered
FD002161,2025-10-23,C0693,Ahmedabad,Dosa Corner,South Indian,3,683.55,25,68.35,0.0,36,4.4,Credit Card,Cancelled
FD002162,2025-03-31,C0181,Hyderabad,The Biryani House,Biryani,1,386.02,45,19.3,411.72,45,4.2,UPI,Delivered
FD002163,2025-05-28,C0192,Mumbai,Burger Lab,Chinese,1,345.38,25,34.54,335.84,20,5.0,Debit Card,Delivered
FD002164,2025-11-30,C0283,Bengaluru,The Biryani House,Biryani,4,1584.09,45,79.2,1549.89,35,4.0,Credit Card,Delivered
FD002165,2025-12-15,C0296,Bengaluru,Urban Tadka,Pizza,2,807.68,25,0.0,832.68,50,4.2,UPI,Delivered
FD002166,2025-12-04,C0003,Mumbai,Wok & Roll,Pizza,2,1049.62,25,52.48,1022.14,19,4.6,UPI,Delivered
FD002167,2025-04-26,C0123,Pune,Sweet Truth,South Indian,2,565.77,35,0.0,0.0,48,3.9,UPI,Cancelled
FD002168,2025-11-04,C0384,Pune,The Biryani House,Desserts,3,725.02,65,108.75,681.27,53,4.3,UPI,Delivered
FD002169,2025-12-08,C0774,Kolkata,Spice Route,Biryani,3,1223.6,35,0.0,1258.6,31,4.2,UPI,Delivered
FD002170,2025-12-24,C0103,Bengaluru,Spice Route,North Indian,2,907.1,45,0.0,0.0,30,4.9,Wallet,Cancelled
FD002171,2025-01-08,C0193,Chennai,Pizza District,North Indian,4,1457.89,45,72.89,1430.0,46,4.2,UPI,Delivered
FD002172,2025-09-29,C0688,Hyderabad,Dosa Corner,Pizza,4,2263.72,55,0.0,2318.72,32,3.9,UPI,Delivered
FD002173,2025-12-30,C0032,Pune,Burger Lab,South Indian,1,279.44,35,13.97,300.47,12,5.0,Cash,Delivered
FD002174,2025-10-07,C0079,Bengaluru,Urban Tadka,Burgers,3,927.66,45,46.38,926.28,33,4.6,Wallet,Delivered
FD002175,2025-03-27,C0712,Mumbai,Dosa Corner,Biryani,4,1353.91,65,270.78,1148.13,40,4.4,Credit Card,Delivered
FD002176,2025-10-06,C0201,Hyderabad,Urban Tadka,Chinese,2,646.36,35,0.0,681.36,43,4.6,Credit Card,Delivered
FD002177,2025-02-08,C0247,Pune,Wok & Roll,Biryani,1,363.55,35,36.36,362.19,23,5.0,UPI,Delivered
FD002178,2025-06-25,C0012,Pune,Dosa Corner,North Indian,1,427.93,55,42.79,440.14,31,4.6,Cash,Delivered
FD002179,2025-08-17,C0326,Kolkata,Dosa Corner,Healthy,3,935.97,35,0.0,970.97,46,4.4,Credit Card,Delivered
FD002180,2025-06-16,C0795,Hyderabad,Burger Lab,North Indian,4,1534.43,35,153.44,1415.99,33,4.6,Credit Card,Delivered
FD002181,2025-09-13,C0789,Ahmedabad,The Biryani House,Chinese,1,389.77,35,58.47,0.0,16,4.8,UPI,Cancelled
FD002182,2025-03-29,C0514,Bengaluru,Dosa Corner,Chinese,3,934.46,55,93.45,896.01,49,3.5,Credit Card,Delivered
FD002183,2025-08-10,C0541,Bengaluru,Pizza District,Healthy,2,759.68,65,113.95,710.73,31,4.6,Debit Card,Delivered
FD002184,2025-08-24,C0515,Bengaluru,The Biryani House,Pizza,2,885.53,45,88.55,841.98,47,4.6,UPI,Delivered
FD002185,2025-08-20,C0556,Bengaluru,Wok & Roll,Biryani,3,911.22,45,45.56,0.0,17,5.0,Credit Card,Cancelled
FD002186,2025-04-16,C0416,Mumbai,Wok & Roll,Chinese,4,1233.15,35,184.97,1083.18,33,4.1,UPI,Delivered
FD002187,2025-04-22,C0165,Bengaluru,Urban Tadka,Pizza,1,545.95,25,0.0,570.95,40,4.7,Debit Card,Delivered
FD002188,2025-04-05,C0695,Chennai,Sweet Truth,Pizza,1,547.1,25,54.71,517.39,33,4.4,UPI,Delivered
FD002189,2025-06-18,C0704,Delhi,Dosa Corner,Biryani,2,595.35,25,59.54,560.81,20,4.1,Cash,Delivered
FD002190,2025-08-02,C0116,Pune,The Biryani House,Chinese,2,658.69,25,98.8,584.89,12,5.0,Credit Card,Delivered
FD002191,2025-05-13,C0076,Delhi,Urban Tadka,Pizza,3,1414.55,45,212.18,1247.37,52,3.7,Credit Card,Delivered
FD002192,2025-05-30,C0635,Mumbai,Spice Route,Biryani,3,929.1,25,0.0,954.1,37,5.0,UPI,Delivered
FD002193,2025-04-15,C0039,Hyderabad,Pizza District,Biryani,1,382.86,25,38.29,369.57,48,4.5,Credit Card,Delivered
FD002194,2025-03-21,C0646,Pune,Urban Tadka,Burgers,2,508.41,35,0.0,543.41,45,4.1,UPI,Delivered
FD002195,2025-08-28,C0786,Hyderabad,Sweet Truth,North Indian,3,1215.69,35,121.57,1129.12,41,4.4,UPI,Delivered
FD002196,2025-10-25,C0029,Bengaluru,Sweet Truth,Pizza,2,919.34,25,91.93,852.41,30,5.0,UPI,Delivered
FD002197,2025-04-17,C0640,Hyderabad,Dosa Corner,South Indian,3,711.93,25,0.0,736.93,40,4.7,UPI,Delivered
FD002198,2025-11-11,C0107,Delhi,The Biryani House,Desserts,2,395.41,35,59.31,371.1,51,4.1,Cash,Delivered
FD002199,2025-07-28,C0233,Chennai,Burger Lab,Pizza,2,835.75,45,41.79,838.96,35,5.0,UPI,Delivered
FD002200,2025-03-03,C0438,Delhi,Pizza District,North Indian,1,355.65,55,17.78,392.87,57,3.9,Cash,Delivered
FD002201,2025-05-14,C0545,Bengaluru,The Biryani House,South Indian,1,200.9,55,40.18,215.72,16,5.0,Cash,Delivered
FD002202,2025-01-03,C0073,Chennai,Wok & Roll,Chinese,1,324.04,55,32.4,346.64,15,4.6,Debit Card,Delivered
FD002203,2025-01-15,C0088,Chennai,Urban Tadka,Biryani,3,1245.18,45,124.52,1165.66,46,3.6,UPI,Delivered
FD002204,2025-05-03,C0226,Hyderabad,Sweet Truth,Biryani,1,322.21,55,0.0,377.21,24,4.6,Credit Card,Delivered
FD002205,2025-06-15,C0546,Chennai,Urban Tadka,Healthy,3,900.33,45,0.0,945.33,59,3.8,Cash,Delivered
FD002206,2025-10-19,C0323,Delhi,The Biryani House,Desserts,4,699.15,45,0.0,744.15,50,4.2,UPI,Delivered
FD002207,2025-02-19,C0221,Mumbai,Urban Tadka,Healthy,3,1065.02,35,0.0,1100.02,53,3.5,UPI,Delivered
FD002208,2025-11-03,C0126,Hyderabad,Wok & Roll,North Indian,3,1384.75,35,0.0,0.0,45,4.4,UPI,Cancelled
FD002209,2025-03-27,C0775,Delhi,Burger Lab,Biryani,1,390.04,35,19.5,405.54,23,4.4,UPI,Delivered
FD002210,2025-02-20,C0564,Bengaluru,Sweet Truth,Desserts,2,424.34,25,42.43,0.0,14,5.0,UPI,Cancelled
FD002211,2025-09-13,C0789,Hyderabad,Pizza District,Burgers,4,1365.71,55,0.0,1420.71,52,4.3,UPI,Delivered
FD002212,2025-10-10,C0397,Hyderabad,Urban Tadka,Desserts,2,392.25,25,39.23,378.02,16,4.8,Debit Card,Delivered
FD002213,2025-08-09,C0655,Mumbai,Spice Route,Biryani,4,1597.25,45,239.59,1402.66,53,3.6,Credit Card,Delivered
FD002214,2025-02-12,C0512,Bengaluru,Wok & Roll,Pizza,3,1605.99,55,0.0,1660.99,42,4.8,UPI,Delivered
FD002215,2025-02-12,C0421,Delhi,Sweet Truth,Desserts,2,330.27,35,33.03,332.24,33,4.8,Wallet,Delivered
FD002216,2025-05-23,C0380,Bengaluru,Spice Route,Desserts,1,202.56,25,0.0,227.56,39,4.4,UPI,Delivered
FD002217,2025-06-14,C0401,Pune,Sweet Truth,South Indian,1,219.08,35,10.95,243.13,40,4.8,UPI,Delivered
FD002218,2025-12-31,C0330,Bengaluru,The Biryani House,Pizza,2,811.39,35,81.14,765.25,32,4.5,UPI,Delivered
FD002219,2025-04-15,C0512,Delhi,Sweet Truth,Pizza,2,1088.02,65,0.0,0.0,51,3.8,UPI,Cancelled
FD002220,2025-03-12,C0394,Pune,Spice Route,Healthy,3,790.42,45,0.0,835.42,51,3.7,Credit Card,Delivered
FD002221,2025-12-12,C0777,Chennai,Sweet Truth,Burgers,3,995.5,45,149.33,891.17,36,4.4,UPI,Delivered
FD002222,2025-02-26,C0720,Hyderabad,The Biryani House,Burgers,2,723.27,45,0.0,768.27,27,4.9,Cash,Delivered
FD002223,2025-01-10,C0372,Mumbai,The Biryani House,Chinese,3,1130.01,45,113.0,0.0,50,4.5,Cash,Cancelled
FD002224,2025-06-04,C0317,Ahmedabad,Urban Tadka,Burgers,4,1161.51,45,116.15,1090.36,12,5.0,UPI,Delivered
FD002225,2025-05-27,C0608,Ahmedabad,Urban Tadka,Chinese,3,1183.31,25,0.0,0.0,39,4.7,Debit Card,Cancelled
FD002226,2025-08-15,C0514,Bengaluru,Dosa Corner,Burgers,4,1361.77,35,136.18,1260.59,43,4.2,Credit Card,Delivered
FD002227,2025-11-17,C0186,Pune,Spice Route,North Indian,2,717.32,25,35.87,706.45,24,4.4,Cash,Delivered
FD002228,2025-12-07,C0668,Bengaluru,Pizza District,North Indian,4,1440.92,45,0.0,1485.92,46,3.7,UPI,Delivered
FD002229,2025-04-16,C0546,Hyderabad,Sweet Truth,Healthy,2,673.76,55,101.06,627.7,34,4.3,Credit Card,Delivered
FD002230,2025-12-24,C0497,Delhi,Pizza District,Chinese,1,442.37,45,22.12,465.25,27,4.2,UPI,Delivered
FD002231,2025-08-19,C0626,Mumbai,Dosa Corner,Burgers,1,281.97,45,28.2,0.0,46,4.9,UPI,Cancelled
FD002232,2025-01-26,C0181,Mumbai,Burger Lab,South Indian,1,229.28,65,0.0,294.28,21,4.9,Cash,Delivered
FD002233,2025-12-09,C0640,Pune,Dosa Corner,North Indian,4,1887.99,25,0.0,1912.99,44,4.2,UPI,Delivered
FD002234,2025-02-20,C0098,Bengaluru,Sweet Truth,Chinese,1,332.79,25,33.28,324.51,12,5.0,Credit Card,Delivered
FD002235,2025-08-03,C0635,Delhi,Spice Route,South Indian,4,808.02,55,80.8,782.22,37,3.9,UPI,Delivered
FD002236,2025-10-16,C0473,Chennai,The Biryani House,Desserts,4,841.64,55,0.0,896.64,35,4.4,Cash,Delivered
FD002237,2025-04-02,C0466,Hyderabad,The Biryani House,South Indian,2,394.42,45,39.44,399.98,28,5.0,UPI,Delivered
FD002238,2025-04-09,C0582,Chennai,Spice Route,Desserts,4,715.57,35,35.78,714.79,39,4.3,UPI,Delivered
FD002239,2025-06-23,C0249,Ahmedabad,Spice Route,Pizza,4,2012.97,65,0.0,2077.97,33,5.0,Credit Card,Delivered
FD002240,2025-11-19,C0615,Mumbai,Spice Route,Chinese,4,1608.56,55,160.86,0.0,47,4.4,UPI,Cancelled
FD002241,2025-03-23,C0021,Hyderabad,Sweet Truth,Chinese,2,761.49,45,76.15,730.34,41,4.7,UPI,Delivered
FD002242,2025-08-31,C0556,Delhi,Dosa Corner,Biryani,2,672.08,35,33.6,673.48,39,4.8,Debit Card,Delivered
FD002243,2025-06-15,C0636,Ahmedabad,Wok & Roll,North Indian,1,409.22,45,40.92,413.3,38,4.4,Wallet,Delivered
FD002244,2025-02-10,C0003,Kolkata,Dosa Corner,South Indian,4,1014.19,55,50.71,1018.48,28,4.4,Debit Card,Delivered
FD002245,2025-09-17,C0556,Mumbai,The Biryani House,Biryani,4,1567.45,55,235.12,1387.33,30,4.5,UPI,Delivered
FD002246,2025-10-31,C0620,Chennai,Pizza District,North Indian,3,1325.43,45,198.81,1171.62,37,4.0,UPI,Delivered
FD002247,2025-07-30,C0418,Mumbai,Sweet Truth,South Indian,1,255.5,45,12.77,287.73,32,4.5,Debit Card,Delivered
FD002248,2025-03-06,C0484,Pune,Urban Tadka,Desserts,4,935.42,45,46.77,933.65,47,4.1,UPI,Delivered
FD002249,2025-02-26,C0048,Kolkata,Urban Tadka,Burgers,2,688.58,45,137.72,0.0,35,5.0,Debit Card,Cancelled
FD002250,2025-06-04,C0791,Pune,Wok & Roll,North Indian,3,1027.66,35,154.15,908.51,39,4.5,Credit Card,Delivered
FD002251,2025-07-04,C0774,Chennai,The Biryani House,Burgers,3,1073.99,25,0.0,0.0,17,5.0,Cash,Cancelled
FD002252,2025-07-21,C0612,Hyderabad,Burger Lab,Chinese,1,435.47,25,0.0,460.47,45,3.4,UPI,Delivered
FD002253,2025-03-30,C0013,Mumbai,Burger Lab,Biryani,1,327.68,55,16.38,366.3,27,4.2,Wallet,Delivered
FD002254,2025-07-02,C0345,Hyderabad,The Biryani House,South Indian,1,196.84,25,29.53,0.0,21,4.7,UPI,Cancelled
FD002255,2025-04-18,C0655,Hyderabad,Spice Route,South Indian,4,999.85,25,149.98,0.0,54,4.5,Debit Card,Cancelled
FD002256,2025-09-08,C0541,Mumbai,Spice Route,Chinese,4,1481.65,55,222.25,1314.4,42,4.2,UPI,Delivered
FD002257,2025-10-18,C0724,Delhi,Pizza District,Chinese,2,830.13,45,0.0,0.0,46,3.6,Credit Card,Cancelled
FD002258,2025-08-27,C0493,Kolkata,The Biryani House,Desserts,2,410.79,25,61.62,374.17,39,4.2,UPI,Delivered
FD002259,2025-01-01,C0572,Pune,Spice Route,South Indian,2,403.92,35,0.0,438.92,33,4.1,UPI,Delivered
FD002260,2025-12-29,C0270,Kolkata,Burger Lab,Pizza,2,869.07,55,43.45,880.62,31,4.0,Credit Card,Delivered
FD002261,2025-01-09,C0651,Pune,Sweet Truth,Healthy,3,1111.83,35,55.59,1091.24,43,4.9,UPI,Delivered
FD002262,2025-12-31,C0427,Delhi,Sweet Truth,South Indian,2,396.86,35,19.84,412.02,48,4.0,Wallet,Delivered
FD002263,2025-01-12,C0641,Hyderabad,Spice Route,Healthy,3,1058.23,35,105.82,987.41,33,4.5,Cash,Delivered
FD002264,2025-07-08,C0164,Delhi,Urban Tadka,Healthy,2,596.53,25,0.0,621.53,59,3.8,Debit Card,Delivered
FD002265,2025-02-08,C0215,Hyderabad,Pizza District,North Indian,3,1171.87,45,0.0,1216.87,32,4.4,Credit Card,Delivered
FD002266,2025-02-04,C0071,Hyderabad,Sweet Truth,Desserts,4,823.55,25,123.53,0.0,17,4.6,UPI,Cancelled
FD002267,2025-09-07,C0541,Hyderabad,Wok & Roll,Chinese,1,343.39,45,0.0,388.39,13,4.9,UPI,Delivered
FD002268,2025-09-23,C0587,Pune,Pizza District,Biryani,1,371.71,25,18.59,378.12,14,5.0,UPI,Delivered
FD002269,2025-02-13,C0227,Pune,Sweet Truth,Chinese,3,1221.03,25,0.0,1246.03,29,5.0,Credit Card,Delivered
FD002270,2025-12-23,C0308,Ahmedabad,Burger Lab,Desserts,1,171.55,25,0.0,196.55,31,4.9,Cash,Delivered
FD002271,2025-04-27,C0456,Ahmedabad,Sweet Truth,Chinese,1,361.16,55,0.0,416.16,42,3.8,UPI,Delivered
FD002272,2025-04-27,C0605,Kolkata,Dosa Corner,North Indian,4,1738.12,25,173.81,1589.31,34,4.8,UPI,Delivered
FD002273,2025-04-19,C0243,Hyderabad,Sweet Truth,Biryani,2,761.96,35,38.1,758.86,44,4.4,UPI,Delivered
FD002274,2025-06-18,C0391,Kolkata,Wok & Roll,Burgers,3,931.21,25,0.0,956.21,35,4.2,Credit Card,Delivered
FD002275,2025-03-06,C0149,Pune,The Biryani House,Chinese,4,1676.39,45,251.46,1469.93,34,4.5,UPI,Delivered
FD002276,2025-06-05,C0648,Kolkata,Spice Route,Burgers,1,259.93,35,0.0,0.0,27,4.8,UPI,Cancelled
FD002277,2025-03-18,C0699,Hyderabad,Burger Lab,Biryani,2,601.44,65,60.14,0.0,51,4.0,UPI,Cancelled
FD002278,2025-01-19,C0592,Hyderabad,The Biryani House,Biryani,1,372.45,45,0.0,417.45,16,5.0,UPI,Delivered
FD002279,2025-05-15,C0653,Ahmedabad,Spice Route,North Indian,2,853.69,45,128.05,0.0,38,4.0,Debit Card,Cancelled
FD002280,2025-09-03,C0612,Hyderabad,Dosa Corner,Burgers,1,341.58,45,0.0,386.58,32,5.0,Wallet,Delivered
FD002281,2025-10-06,C0669,Chennai,Pizza District,Biryani,4,1236.31,25,123.63,1137.68,43,3.5,UPI,Delivered
FD002282,2025-05-09,C0344,Chennai,Wok & Roll,Biryani,2,707.46,65,70.75,701.71,34,4.7,UPI,Delivered
FD002283,2025-04-29,C0165,Hyderabad,Dosa Corner,Burgers,1,323.83,65,32.38,356.45,34,4.6,UPI,Delivered
FD002284,2025-10-15,C0769,Hyderabad,The Biryani House,Biryani,1,314.75,35,47.21,302.54,31,4.8,Debit Card,Delivered
FD002285,2025-09-06,C0002,Ahmedabad,Dosa Corner,South Indian,1,242.04,45,0.0,287.04,51,3.8,Credit Card,Delivered
FD002286,2025-10-31,C0325,Kolkata,Wok & Roll,Desserts,1,214.16,25,10.71,228.45,34,4.9,Credit Card,Delivered
FD002287,2025-11-27,C0582,Kolkata,Wok & Roll,Pizza,1,429.03,45,64.35,409.68,58,3.8,Credit Card,Delivered
FD002288,2025-10-27,C0635,Bengaluru,The Biryani House,Chinese,3,1084.18,55,162.63,976.55,37,4.0,Wallet,Delivered
FD002289,2025-12-08,C0549,Bengaluru,Dosa Corner,Biryani,4,1255.09,65,62.75,0.0,34,4.1,UPI,Cancelled
FD002290,2025-06-02,C0392,Chennai,Urban Tadka,Pizza,4,2217.34,35,221.73,2030.61,32,4.5,UPI,Delivered
FD002291,2025-05-25,C0738,Chennai,Wok & Roll,North Indian,4,1432.55,45,143.26,1334.29,41,3.7,UPI,Delivered
FD002292,2025-04-28,C0189,Hyderabad,Dosa Corner,Chinese,4,1299.36,45,129.94,1214.42,27,5.0,Credit Card,Delivered
FD002293,2025-03-27,C0114,Pune,Spice Route,North Indian,2,655.58,35,98.34,0.0,36,4.8,UPI,Cancelled
FD002294,2025-10-01,C0504,Ahmedabad,Pizza District,Pizza,2,796.36,45,119.45,721.91,34,5.0,Cash,Delivered
FD002295,2025-09-18,C0257,Mumbai,Burger Lab,Pizza,3,1274.61,45,63.73,1255.88,38,5.0,Debit Card,Delivered
FD002296,2025-10-20,C0376,Chennai,The Biryani House,Burgers,2,635.5,55,63.55,626.95,38,4.2,Wallet,Delivered
FD002297,2025-03-03,C0366,Chennai,Spice Route,Burgers,3,748.62,65,37.43,776.19,39,4.0,Wallet,Delivered
FD002298,2025-06-29,C0212,Hyderabad,Pizza District,Healthy,4,1190.5,25,0.0,0.0,35,3.5,Credit Card,Cancelled
FD002299,2025-03-23,C0799,Bengaluru,Pizza District,Biryani,1,292.74,25,43.91,0.0,53,3.8,Cash,Cancelled
FD002300,2025-11-22,C0307,Mumbai,Sweet Truth,North Indian,4,1533.0,25,153.3,1404.7,39,4.9,Debit Card,Delivered
FD002301,2025-04-08,C0537,Chennai,Dosa Corner,North Indian,4,1319.24,25,0.0,1344.24,65,3.4,UPI,Delivered
FD002302,2025-02-22,C0128,Mumbai,Urban Tadka,Chinese,3,1184.05,35,118.4,1100.65,35,4.4,Debit Card,Delivered
FD002303,2025-07-28,C0793,Kolkata,The Biryani House,Pizza,2,1030.59,55,0.0,1085.59,46,4.0,Wallet,Delivered
FD002304,2025-11-17,C0790,Bengaluru,Urban Tadka,Chinese,2,824.89,35,0.0,0.0,25,4.8,Debit Card,Cancelled
FD002305,2025-12-01,C0056,Hyderabad,Sweet Truth,Pizza,1,430.83,45,43.08,0.0,51,4.5,Debit Card,Cancelled
FD002306,2025-02-05,C0515,Hyderabad,The Biryani House,Desserts,2,463.75,35,46.37,0.0,26,4.1,UPI,Cancelled
FD002307,2025-04-29,C0476,Hyderabad,Sweet Truth,Chinese,3,1219.67,35,60.98,1193.69,39,3.9,Cash,Delivered
FD002308,2025-02-26,C0139,Mumbai,Spice Route,Healthy,3,808.32,55,0.0,863.32,31,5.0,UPI,Delivered
FD002309,2025-04-23,C0616,Pune,Wok & Roll,South Indian,1,235.11,45,23.51,0.0,39,4.6,Credit Card,Cancelled
FD002310,2025-07-14,C0612,Kolkata,Spice Route,Chinese,3,1253.02,35,0.0,1288.02,31,4.4,Debit Card,Delivered
FD002311,2025-04-13,C0676,Delhi,Wok & Roll,South Indian,4,893.17,55,133.97,814.2,25,5.0,Credit Card,Delivered
FD002312,2025-01-25,C0482,Chennai,Spice Route,Chinese,1,362.25,35,0.0,0.0,31,4.0,UPI,Cancelled
FD002313,2025-07-06,C0566,Hyderabad,Urban Tadka,North Indian,1,417.26,25,62.59,379.67,52,4.3,Debit Card,Delivered
FD002314,2025-01-20,C0579,Chennai,Urban Tadka,Biryani,4,1169.52,35,0.0,1204.52,40,4.3,UPI,Delivered
FD002315,2025-03-24,C0614,Bengaluru,Burger Lab,Healthy,3,1142.85,45,0.0,0.0,19,5.0,UPI,Cancelled
FD002316,2025-01-01,C0468,Kolkata,Burger Lab,North Indian,3,1046.28,35,52.31,1028.97,47,3.3,UPI,Delivered
FD002317,2025-02-01,C0596,Mumbai,Wok & Roll,North Indian,4,1306.06,55,130.61,1230.45,23,4.6,Credit Card,Delivered
FD002318,2025-06-09,C0049,Bengaluru,Urban Tadka,Burgers,3,744.34,45,111.65,677.69,43,4.5,UPI,Delivered
FD002319,2025-11-07,C0495,Bengaluru,The Biryani House,North Indian,3,1147.9,35,57.39,1125.51,41,4.3,UPI,Delivered
FD002320,2025-10-10,C0163,Hyderabad,Pizza District,Pizza,1,550.93,55,27.55,0.0,41,4.7,Cash,Cancelled
FD002321,2025-02-06,C0326,Kolkata,Sweet Truth,Desserts,4,912.49,35,0.0,947.49,56,4.3,Credit Card,Delivered
FD002322,2025-01-13,C0615,Hyderabad,Burger Lab,Biryani,4,1625.21,35,162.52,1497.69,24,4.4,Cash,Delivered
FD002323,2025-05-04,C0092,Hyderabad,Spice Route,Pizza,2,974.3,25,48.71,950.59,41,4.6,Credit Card,Delivered
FD002324,2025-08-27,C0604,Hyderabad,Spice Route,Burgers,3,897.99,35,134.7,798.29,49,3.7,UPI,Delivered
FD002325,2025-09-30,C0208,Pune,The Biryani House,Pizza,3,1380.68,35,69.03,1346.65,26,4.7,Debit Card,Delivered
FD002326,2025-10-28,C0604,Mumbai,Urban Tadka,Burgers,1,252.86,25,25.29,0.0,25,4.9,UPI,Cancelled
FD002327,2025-05-05,C0614,Delhi,Pizza District,North Indian,1,459.38,45,68.91,435.47,31,4.2,Wallet,Delivered
FD002328,2025-03-03,C0013,Bengaluru,Sweet Truth,Pizza,3,1440.91,25,0.0,1465.91,38,4.6,UPI,Delivered
FD002329,2025-01-10,C0188,Hyderabad,Urban Tadka,Desserts,3,600.12,35,30.01,605.11,17,4.7,Cash,Delivered
FD002330,2025-02-23,C0645,Kolkata,Wok & Roll,Biryani,3,1060.55,45,159.08,946.47,41,4.1,Credit Card,Delivered
FD002331,2025-01-24,C0274,Hyderabad,Pizza District,Desserts,2,452.3,35,22.61,464.69,17,5.0,Cash,Delivered
FD002332,2025-11-11,C0352,Hyderabad,Burger Lab,Desserts,4,729.14,45,72.91,701.23,50,3.8,UPI,Delivered
FD002333,2025-04-08,C0013,Mumbai,Wok & Roll,Burgers,2,658.99,45,98.85,605.14,40,4.0,Debit Card,Delivered
FD002334,2025-10-28,C0555,Hyderabad,Wok & Roll,South Indian,1,259.68,35,0.0,294.68,57,4.2,UPI,Delivered
FD002335,2025-07-21,C0075,Hyderabad,The Biryani House,North Indian,1,450.36,25,67.55,407.81,42,4.3,Cash,Delivered
FD002336,2025-07-16,C0218,Pune,Sweet Truth,Desserts,4,662.67,35,33.13,664.54,30,4.0,UPI,Delivered
FD002337,2025-06-15,C0382,Mumbai,The Biryani House,Burgers,3,801.54,25,80.15,746.39,24,5.0,UPI,Delivered
FD002338,2025-10-27,C0616,Bengaluru,Urban Tadka,Burgers,2,603.81,45,0.0,648.81,37,4.2,Debit Card,Delivered
FD002339,2025-01-16,C0399,Bengaluru,Spice Route,Desserts,1,230.49,45,11.52,263.97,34,4.0,Credit Card,Delivered
FD002340,2025-02-03,C0786,Delhi,Spice Route,Pizza,1,565.65,45,0.0,610.65,48,3.2,Debit Card,Delivered
FD002341,2025-06-04,C0418,Hyderabad,The Biryani House,Desserts,1,210.8,35,0.0,245.8,23,5.0,Debit Card,Delivered
FD002342,2025-05-24,C0203,Hyderabad,Dosa Corner,Pizza,1,428.61,65,21.43,0.0,58,3.5,UPI,Cancelled
FD002343,2025-07-19,C0153,Mumbai,Urban Tadka,Desserts,3,537.64,25,0.0,562.64,49,3.6,Debit Card,Delivered
FD002344,2025-09-27,C0628,Mumbai,Spice Route,Biryani,1,370.05,55,37.0,388.05,32,4.7,UPI,Delivered
FD002345,2025-08-03,C0368,Ahmedabad,Wok & Roll,Biryani,1,312.94,55,0.0,367.94,56,4.2,Credit Card,Delivered
FD002346,2025-04-04,C0484,Chennai,Wok & Roll,Healthy,2,660.51,35,0.0,695.51,25,4.4,UPI,Delivered
FD002347,2025-04-30,C0297,Hyderabad,Wok & Roll,North Indian,3,1344.42,25,0.0,1369.42,36,4.7,UPI,Delivered
FD002348,2025-10-02,C0219,Mumbai,Spice Route,North Indian,2,762.34,25,38.12,749.22,19,5.0,Cash,Delivered
FD002349,2025-03-15,C0480,Delhi,Urban Tadka,Healthy,1,308.86,65,0.0,373.86,56,4.4,Wallet,Delivered
FD002350,2025-07-04,C0236,Hyderabad,The Biryani House,Burgers,3,755.02,35,0.0,790.02,14,5.0,Wallet,Delivered
FD002351,2025-07-16,C0800,Mumbai,Burger Lab,Pizza,2,872.49,55,87.25,840.24,17,5.0,Debit Card,Delivered
FD002352,2025-10-01,C0586,Hyderabad,Burger Lab,Biryani,1,377.86,45,37.79,385.07,26,4.5,UPI,Delivered
FD002353,2025-09-18,C0656,Kolkata,Dosa Corner,Chinese,3,1077.65,35,107.76,1004.89,50,4.0,Credit Card,Delivered
FD002354,2025-06-19,C0228,Pune,Wok & Roll,Pizza,4,1675.24,45,0.0,1720.24,45,4.3,UPI,Delivered
FD002355,2025-04-23,C0024,Chennai,Pizza District,Healthy,3,826.37,25,123.96,0.0,35,4.0,Debit Card,Cancelled
FD002356,2025-05-15,C0039,Ahmedabad,Wok & Roll,Biryani,1,297.64,35,29.76,302.88,46,3.9,UPI,Delivered
FD002357,2025-05-31,C0688,Ahmedabad,Pizza District,Biryani,2,745.33,65,74.53,735.8,33,4.0,Wallet,Delivered
FD002358,2025-03-22,C0700,Hyderabad,Urban Tadka,Pizza,3,1504.49,35,0.0,1539.49,39,4.4,UPI,Delivered
FD002359,2025-08-17,C0544,Chennai,Wok & Roll,Pizza,4,1937.48,65,0.0,2002.48,54,4.0,UPI,Delivered
FD002360,2025-03-18,C0472,Mumbai,The Biryani House,Pizza,4,1924.24,65,96.21,1893.03,31,4.3,Cash,Delivered
FD002361,2025-08-25,C0168,Hyderabad,The Biryani House,South Indian,4,835.74,25,0.0,860.74,25,5.0,UPI,Delivered
FD002362,2025-10-02,C0607,Chennai,Burger Lab,Pizza,4,1924.44,45,192.44,1777.0,40,3.9,UPI,Delivered
FD002363,2025-12-18,C0414,Bengaluru,Spice Route,South Indian,3,601.36,25,0.0,626.36,43,4.0,Credit Card,Delivered
FD002364,2025-02-13,C0483,Ahmedabad,Spice Route,North Indian,3,1385.53,45,0.0,1430.53,35,4.7,Wallet,Delivered
FD002365,2025-10-05,C0020,Chennai,The Biryani House,Chinese,3,947.48,65,0.0,1012.48,46,4.5,UPI,Delivered
FD002366,2025-02-01,C0414,Pune,Wok & Roll,South Indian,3,700.62,55,0.0,755.62,32,4.2,UPI,Delivered
FD002367,2025-05-04,C0555,Chennai,Dosa Corner,Burgers,3,742.7,65,37.13,770.57,36,4.5,UPI,Delivered
FD002368,2025-03-06,C0616,Hyderabad,Wok & Roll,Biryani,1,389.56,25,0.0,0.0,38,4.1,Credit Card,Cancelled
FD002369,2025-03-01,C0117,Kolkata,The Biryani House,Pizza,4,1680.97,45,84.05,1641.92,37,4.3,UPI,Delivered
FD002370,2025-03-06,C0026,Hyderabad,The Biryani House,Healthy,1,375.8,35,0.0,410.8,53,4.0,Credit Card,Delivered
FD002371,2025-01-17,C0685,Hyderabad,Pizza District,South Indian,2,398.0,55,39.8,413.2,38,4.5,Credit Card,Delivered
FD002372,2025-10-28,C0250,Chennai,The Biryani House,Pizza,2,1078.77,25,161.81,941.96,30,4.7,Wallet,Delivered
FD002373,2025-01-23,C0379,Delhi,Burger Lab,Burgers,4,1293.37,25,194.01,1124.36,40,4.4,Debit Card,Delivered
FD002374,2025-05-26,C0502,Bengaluru,Dosa Corner,North Indian,1,360.09,25,36.01,0.0,46,3.8,Debit Card,Cancelled
FD002375,2025-09-13,C0394,Hyderabad,Burger Lab,South Indian,2,426.84,25,21.34,430.5,43,4.4,Credit Card,Delivered
FD002376,2025-12-28,C0756,Bengaluru,Pizza District,Chinese,2,717.65,25,71.77,670.88,43,4.4,UPI,Delivered
FD002377,2025-11-08,C0674,Bengaluru,The Biryani House,North Indian,1,447.17,25,67.08,405.09,16,5.0,UPI,Delivered
FD002378,2025-02-20,C0315,Hyderabad,Spice Route,South Indian,1,273.44,55,13.67,0.0,12,4.7,Credit Card,Cancelled
FD002379,2025-12-27,C0153,Mumbai,Dosa Corner,South Indian,2,421.9,55,0.0,476.9,49,4.4,UPI,Delivered
FD002380,2025-08-27,C0781,Hyderabad,Sweet Truth,Biryani,4,1328.03,35,132.8,1230.23,39,3.9,UPI,Delivered
FD002381,2025-03-07,C0567,Bengaluru,Spice Route,Biryani,2,633.17,55,0.0,0.0,34,4.3,UPI,Cancelled
FD002382,2025-06-13,C0605,Delhi,Urban Tadka,Healthy,4,1110.09,35,111.01,0.0,42,4.2,UPI,Cancelled
FD002383,2025-12-02,C0372,Delhi,Urban Tadka,Chinese,3,1200.8,55,0.0,1255.8,57,3.4,UPI,Delivered
FD002384,2025-05-24,C0388,Bengaluru,Dosa Corner,Burgers,4,1149.79,35,0.0,0.0,51,3.9,Credit Card,Cancelled
FD002385,2025-03-09,C0146,Bengaluru,Urban Tadka,Chinese,4,1359.37,45,135.94,1268.43,46,4.2,Debit Card,Delivered
FD002386,2025-11-16,C0344,Bengaluru,Spice Route,Biryani,3,1200.53,35,120.05,0.0,23,4.1,UPI,Cancelled
FD002387,2025-12-14,C0435,Ahmedabad,The Biryani House,North Indian,3,1305.37,25,130.54,1199.83,25,4.5,Debit Card,Delivered
FD002388,2025-12-23,C0104,Hyderabad,The Biryani House,Pizza,1,530.82,45,79.62,496.2,12,4.4,UPI,Delivered
FD002389,2025-12-15,C0509,Hyderabad,Pizza District,Desserts,3,504.05,55,75.61,483.44,42,5.0,Wallet,Delivered
FD002390,2025-11-15,C0493,Chennai,Wok & Roll,Chinese,1,438.82,55,21.94,0.0,47,4.2,Credit Card,Cancelled
FD002391,2025-06-15,C0673,Hyderabad,Urban Tadka,Pizza,3,1483.81,35,296.76,1222.05,48,4.1,Credit Card,Delivered
FD002392,2025-03-12,C0042,Hyderabad,Spice Route,Biryani,3,1056.02,45,52.8,1048.22,42,4.3,Debit Card,Delivered
FD002393,2025-08-14,C0181,Hyderabad,Spice Route,North Indian,4,1296.37,55,0.0,1351.37,32,4.7,Credit Card,Delivered
FD002394,2025-03-22,C0344,Delhi,Burger Lab,Biryani,3,1213.17,25,181.98,1056.19,27,5.0,UPI,Delivered
FD002395,2025-06-22,C0704,Mumbai,Burger Lab,Biryani,2,714.67,25,35.73,0.0,24,4.2,UPI,Cancelled
FD002396,2025-08-28,C0191,Delhi,The Biryani House,Desserts,2,457.07,35,68.56,423.51,32,5.0,Wallet,Delivered
FD002397,2025-12-12,C0778,Pune,Sweet Truth,Burgers,3,969.63,35,0.0,1004.63,22,5.0,Cash,Delivered
FD002398,2025-04-16,C0766,Bengaluru,Wok & Roll,Burgers,2,679.04,35,0.0,714.04,55,3.9,Credit Card,Delivered
FD002399,2025-04-02,C0076,Kolkata,Dosa Corner,Pizza,2,1032.23,25,0.0,1057.23,18,4.8,Cash,Delivered
FD002400,2025-09-26,C0291,Delhi,Dosa Corner,North Indian,2,922.21,45,92.22,0.0,32,3.4,UPI,Cancelled
FD002401,2025-01-03,C0208,Pune,The Biryani House,Pizza,3,1293.11,45,193.97,0.0,12,4.6,Credit Card,Cancelled
FD002402,2025-07-26,C0392,Delhi,Wok & Roll,Pizza,1,426.78,55,21.34,460.44,38,4.5,Credit Card,Delivered
FD002403,2025-09-30,C0740,Bengaluru,Wok & Roll,Pizza,3,1559.05,45,0.0,1604.05,34,4.9,UPI,Delivered
FD002404,2025-07-21,C0301,Bengaluru,Pizza District,Pizza,2,962.51,35,48.13,949.38,30,4.8,Cash,Delivered
FD002405,2025-05-21,C0531,Chennai,Burger Lab,Pizza,2,998.09,65,0.0,1063.09,23,4.7,Cash,Delivered
FD002406,2025-10-30,C0110,Hyderabad,The Biryani House,Biryani,2,758.47,45,75.85,727.62,34,5.0,Cash,Delivered
FD002407,2025-05-16,C0457,Chennai,Spice Route,Biryani,1,357.81,45,35.78,367.03,27,5.0,Debit Card,Delivered
FD002408,2025-09-17,C0283,Hyderabad,Spice Route,Burgers,3,1015.44,25,0.0,1040.44,32,4.4,UPI,Delivered
FD002409,2025-06-19,C0735,Hyderabad,Pizza District,North Indian,3,1111.47,45,55.57,1100.9,57,4.6,Debit Card,Delivered
FD002410,2025-01-10,C0624,Ahmedabad,Sweet Truth,Biryani,4,1596.98,45,159.7,1482.28,36,4.0,UPI,Delivered
FD002411,2025-07-13,C0173,Delhi,Urban Tadka,Pizza,2,819.19,45,0.0,0.0,40,3.8,Cash,Cancelled
FD002412,2025-01-19,C0497,Mumbai,Wok & Roll,North Indian,3,1253.75,55,62.69,1246.06,28,4.5,UPI,Delivered
FD002413,2025-12-06,C0274,Bengaluru,Urban Tadka,North Indian,3,1369.39,55,136.94,0.0,25,4.4,Cash,Cancelled
FD002414,2025-08-08,C0350,Mumbai,Burger Lab,South Indian,3,653.99,65,32.7,686.29,34,4.3,Debit Card,Delivered
FD002415,2025-05-16,C0371,Kolkata,Urban Tadka,Pizza,3,1348.45,45,0.0,0.0,64,4.0,UPI,Cancelled
FD002416,2025-06-27,C0657,Delhi,Pizza District,Burgers,4,1131.11,65,0.0,1196.11,31,4.5,UPI,Delivered
FD002417,2025-08-15,C0233,Mumbai,Dosa Corner,Pizza,4,1970.78,55,197.08,0.0,38,4.3,Credit Card,Cancelled
FD002418,2025-04-05,C0004,Chennai,The Biryani House,Biryani,1,339.91,25,0.0,364.91,24,4.7,UPI,Delivered
FD002419,2025-04-16,C0155,Bengaluru,Sweet Truth,Burgers,2,519.94,45,77.99,486.95,12,4.2,Cash,Delivered
FD002420,2025-06-02,C0662,Delhi,Spice Route,Chinese,3,1306.2,25,65.31,1265.89,25,4.1,UPI,Delivered
FD002421,2025-04-05,C0238,Ahmedabad,Spice Route,Burgers,3,813.42,35,40.67,0.0,63,3.6,UPI,Cancelled
FD002422,2025-10-04,C0048,Chennai,Urban Tadka,South Indian,2,487.2,35,48.72,473.48,41,4.0,UPI,Delivered
FD002423,2025-02-07,C0321,Chennai,Urban Tadka,Pizza,1,498.25,35,24.91,508.34,54,3.9,UPI,Delivered
FD002424,2025-10-29,C0697,Chennai,Pizza District,Pizza,3,1192.25,25,0.0,1217.25,30,5.0,UPI,Delivered
FD002425,2025-05-08,C0699,Chennai,Sweet Truth,Desserts,3,517.11,35,0.0,552.11,12,5.0,Cash,Delivered
FD002426,2025-07-24,C0759,Ahmedabad,Urban Tadka,North Indian,1,468.74,25,46.87,0.0,21,4.3,Debit Card,Cancelled
FD002427,2025-02-27,C0548,Delhi,The Biryani House,Pizza,3,1532.82,45,76.64,1501.18,39,4.0,Cash,Delivered
FD002428,2025-05-21,C0656,Bengaluru,Spice Route,Chinese,4,1249.27,55,187.39,0.0,37,5.0,UPI,Cancelled
FD002429,2025-10-03,C0619,Chennai,Burger Lab,Pizza,3,1603.63,65,80.18,1588.45,34,5.0,UPI,Delivered
FD002430,2025-04-09,C0016,Chennai,Wok & Roll,Biryani,4,1410.54,35,70.53,0.0,28,4.8,UPI,Cancelled
FD002431,2025-02-18,C0335,Hyderabad,Spice Route,Desserts,2,341.58,35,0.0,376.58,45,3.6,Credit Card,Delivered
FD002432,2025-07-10,C0421,Mumbai,Pizza District,Biryani,1,375.54,55,0.0,0.0,28,4.7,UPI,Cancelled
FD002433,2025-03-01,C0372,Pune,Urban Tadka,Burgers,3,915.53,25,137.33,0.0,38,4.5,UPI,Cancelled
FD002434,2025-04-25,C0664,Delhi,Pizza District,Burgers,1,271.17,65,0.0,336.17,36,4.4,Credit Card,Delivered
FD002435,2025-06-14,C0786,Hyderabad,The Biryani House,Biryani,1,401.73,45,60.26,386.47,30,4.4,UPI,Delivered
FD002436,2025-07-25,C0437,Delhi,Dosa Corner,Biryani,1,323.75,45,0.0,368.75,23,4.6,Credit Card,Delivered
FD002437,2025-08-22,C0078,Delhi,Spice Route,Pizza,4,1767.16,25,88.36,1703.8,29,4.4,Credit Card,Delivered
FD002438,2025-09-04,C0288,Bengaluru,Wok & Roll,Healthy,4,1183.66,25,0.0,0.0,56,3.5,Debit Card,Cancelled
FD002439,2025-11-05,C0159,Delhi,Dosa Corner,South Indian,2,529.68,45,52.97,521.71,47,4.6,UPI,Delivered
FD002440,2025-01-25,C0377,Mumbai,Spice Route,Burgers,3,987.17,35,0.0,1022.17,46,4.5,Debit Card,Delivered
FD002441,2025-05-13,C0188,Pune,Sweet Truth,Biryani,2,810.24,55,81.02,0.0,25,4.6,UPI,Cancelled
FD002442,2025-01-01,C0065,Hyderabad,Dosa Corner,Chinese,1,340.41,45,51.06,0.0,17,5.0,UPI,Cancelled
FD002443,2025-01-04,C0138,Hyderabad,The Biryani House,Biryani,4,1558.35,35,155.83,1437.52,47,4.3,UPI,Delivered
FD002444,2025-03-19,C0398,Mumbai,Pizza District,Chinese,4,1558.93,35,0.0,1593.93,45,5.0,UPI,Delivered
FD002445,2025-08-07,C0114,Hyderabad,Burger Lab,Desserts,2,377.54,35,37.75,0.0,36,4.7,Credit Card,Cancelled
FD002446,2025-11-23,C0023,Chennai,Wok & Roll,Burgers,2,503.19,25,25.16,0.0,30,4.8,Debit Card,Cancelled
FD002447,2025-10-10,C0225,Pune,Dosa Corner,Pizza,4,2156.19,45,0.0,2201.19,16,4.9,Debit Card,Delivered
FD002448,2025-08-24,C0516,Hyderabad,Sweet Truth,Biryani,2,634.12,45,31.71,647.41,44,4.0,UPI,Delivered
FD002449,2025-10-12,C0505,Chennai,The Biryani House,Biryani,2,738.04,55,110.71,682.33,48,4.6,UPI,Delivered
FD002450,2025-03-04,C0313,Ahmedabad,Spice Route,Burgers,2,621.79,35,31.09,0.0,26,4.9,UPI,Cancelled
FD002451,2025-11-03,C0531,Mumbai,Pizza District,North Indian,2,646.34,35,64.63,616.71,25,4.4,Wallet,Delivered
FD002452,2025-11-21,C0154,Mumbai,Wok & Roll,Pizza,3,1712.91,55,171.29,1596.62,49,4.2,UPI,Delivered
FD002453,2025-02-04,C0579,Mumbai,Dosa Corner,Chinese,1,424.36,45,21.22,0.0,26,4.9,UPI,Cancelled
FD002454,2025-06-21,C0014,Hyderabad,The Biryani House,South Indian,2,478.54,45,0.0,523.54,55,3.2,UPI,Delivered
FD002455,2025-10-30,C0109,Hyderabad,Sweet Truth,Biryani,2,750.97,45,75.1,720.87,33,4.2,Debit Card,Delivered
FD002456,2025-06-23,C0738,Delhi,Spice Route,Biryani,2,696.77,55,34.84,0.0,29,4.7,Credit Card,Cancelled
FD002457,2025-11-03,C0375,Chennai,Wok & Roll,Pizza,2,1051.03,35,0.0,1086.03,35,3.8,UPI,Delivered
FD002458,2025-12-08,C0446,Bengaluru,Pizza District,South Indian,2,414.45,35,0.0,449.45,29,4.0,Credit Card,Delivered
FD002459,2025-06-23,C0318,Hyderabad,Burger Lab,Burgers,2,598.11,55,89.72,563.39,48,4.0,Debit Card,Delivered
FD002460,2025-01-22,C0518,Kolkata,The Biryani House,Desserts,4,763.35,25,0.0,788.35,45,4.3,Credit Card,Delivered
FD002461,2025-05-05,C0599,Hyderabad,Sweet Truth,North Indian,3,1175.03,55,0.0,1230.03,47,4.3,Wallet,Delivered
FD002462,2025-03-20,C0624,Pune,Spice Route,Desserts,3,599.06,35,0.0,634.06,36,5.0,Cash,Delivered
FD002463,2025-06-23,C0200,Chennai,Dosa Corner,Healthy,2,560.06,25,0.0,585.06,29,4.6,Credit Card,Delivered
FD002464,2025-08-02,C0502,Mumbai,Pizza District,Desserts,4,960.76,25,192.15,793.61,34,4.3,Wallet,Delivered
FD002465,2025-06-19,C0628,Bengaluru,Wok & Roll,North Indian,1,324.83,55,16.24,0.0,29,4.1,Cash,Cancelled
FD002466,2025-03-13,C0331,Hyderabad,The Biryani House,North Indian,3,972.05,55,97.2,929.85,52,3.9,UPI,Delivered
FD002467,2025-04-20,C0306,Mumbai,Pizza District,Desserts,1,193.75,35,19.38,209.37,46,4.4,Debit Card,Delivered
FD002468,2025-09-06,C0503,Delhi,Pizza District,Desserts,4,851.08,25,42.55,833.53,33,4.7,Credit Card,Delivered
FD002469,2025-01-10,C0460,Hyderabad,The Biryani House,Healthy,2,569.02,35,56.9,547.12,23,4.8,Credit Card,Delivered
FD002470,2025-03-20,C0203,Chennai,Spice Route,Burgers,2,618.17,25,123.63,519.54,52,4.2,Credit Card,Delivered
FD002471,2025-11-22,C0767,Chennai,Pizza District,South Indian,1,260.77,45,26.08,279.69,36,4.8,Cash,Delivered
FD002472,2025-02-06,C0450,Bengaluru,Pizza District,Chinese,4,1283.99,25,128.4,1180.59,32,4.5,Cash,Delivered
FD002473,2025-06-01,C0452,Mumbai,Burger Lab,North Indian,2,941.31,25,47.07,919.24,53,4.5,UPI,Delivered
FD002474,2025-03-17,C0165,Hyderabad,Pizza District,Burgers,2,572.78,25,85.92,0.0,28,4.3,Debit Card,Cancelled
FD002475,2025-02-08,C0541,Mumbai,Wok & Roll,North Indian,4,1676.73,45,0.0,1721.73,30,4.5,Credit Card,Delivered
FD002476,2025-06-04,C0734,Hyderabad,Pizza District,Desserts,1,173.53,45,17.35,201.18,31,4.4,Cash,Delivered
FD002477,2025-07-10,C0581,Mumbai,Pizza District,Healthy,2,698.82,45,34.94,708.88,18,5.0,Credit Card,Delivered
FD002478,2025-03-06,C0408,Bengaluru,Burger Lab,Pizza,1,542.96,45,54.3,533.66,38,4.0,UPI,Delivered
FD002479,2025-01-29,C0510,Chennai,Burger Lab,South Indian,1,204.58,65,30.69,238.89,25,4.6,UPI,Delivered
FD002480,2025-02-19,C0188,Chennai,Sweet Truth,Desserts,1,174.69,35,17.47,192.22,27,4.0,UPI,Delivered
FD002481,2025-08-26,C0049,Kolkata,Pizza District,Healthy,1,296.93,55,0.0,351.93,26,4.9,UPI,Delivered
FD002482,2025-11-11,C0512,Mumbai,Spice Route,North Indian,4,1297.19,45,129.72,1212.47,27,5.0,UPI,Delivered
FD002483,2025-03-07,C0146,Pune,Wok & Roll,Chinese,2,898.0,25,134.7,0.0,24,5.0,UPI,Cancelled
FD002484,2025-04-27,C0073,Bengaluru,Pizza District,Chinese,4,1573.47,55,157.35,0.0,37,4.7,Cash,Cancelled
FD002485,2025-05-06,C0620,Bengaluru,Spice Route,Biryani,2,731.62,45,109.74,666.88,32,4.8,UPI,Delivered
FD002486,2025-05-12,C0348,Hyderabad,Dosa Corner,Healthy,4,1519.89,45,227.98,1336.91,35,4.7,UPI,Delivered
FD002487,2025-03-31,C0683,Chennai,Burger Lab,Pizza,1,541.43,25,81.21,485.22,62,4.0,Debit Card,Delivered
FD002488,2025-01-21,C0693,Delhi,Burger Lab,South Indian,1,269.1,35,0.0,304.1,32,4.7,UPI,Delivered
FD002489,2025-07-11,C0099,Pune,Burger Lab,Desserts,1,191.14,55,9.56,236.58,41,4.0,Debit Card,Delivered
FD002490,2025-05-11,C0615,Mumbai,Sweet Truth,Burgers,4,1144.71,25,171.71,998.0,43,4.2,Cash,Delivered
FD002491,2025-05-05,C0268,Delhi,Burger Lab,Pizza,3,1329.29,25,199.39,1154.9,33,4.5,UPI,Delivered
FD002492,2025-04-07,C0563,Hyderabad,Burger Lab,Biryani,3,993.33,35,0.0,0.0,37,4.3,Credit Card,Cancelled
FD002493,2025-12-06,C0036,Hyderabad,Dosa Corner,North Indian,4,1512.44,35,0.0,0.0,34,3.9,UPI,Cancelled
FD002494,2025-08-11,C0377,Pune,Burger Lab,Chinese,2,655.18,55,0.0,710.18,36,4.0,UPI,Delivered
FD002495,2025-06-02,C0503,Hyderabad,Burger Lab,Biryani,3,997.02,45,99.7,942.32,27,4.7,Credit Card,Delivered
FD002496,2025-03-16,C0358,Hyderabad,Spice Route,South Indian,3,706.96,55,106.04,655.92,28,4.9,UPI,Delivered
FD002497,2025-10-20,C0442,Ahmedabad,Pizza District,Pizza,3,1338.9,35,133.89,1240.01,34,4.5,Credit Card,Delivered
FD002498,2025-11-21,C0010,Ahmedabad,The Biryani House,North Indian,3,1042.15,35,0.0,1077.15,12,5.0,Credit Card,Delivered
FD002499,2025-01-12,C0006,Mumbai,Sweet Truth,Pizza,2,915.92,35,0.0,950.92,52,3.7,UPI,Delivered
FD002500,2025-12-06,C0481,Chennai,Wok & Roll,Pizza,1,477.53,25,71.63,0.0,60,4.0,UPI,Cancelled
